supplier_name,revenue
Davis Group,50402052.53
Gibson Ltd,49233022.25
Williams Inc,48633901.81
Brown LLC,46062489.32
Martinez Inc,38363317.45
Diaz and Sons,38243123.25
Wright-Watson,38161508.27
Davis-Lewis,36067581.54
Davis Inc,36024785.34
"Mccann, Taylor and Flores",36008151.34
Yu-Reid,35464820.37
Smith Ltd,34332176.87
Huerta PLC,34186184.17
Pearson and Sons,34003375.01
Rodriguez Inc,32209100.43
Peck Inc,31718151.16
Maxwell-Hardy,31283277.73
Ballard-Taylor,31022527.26
Chavez-Santiago,30985594.51
"Huff, Williams and Wilson",30675322.02
Jones and Sons,30296926.81
Thompson-James,29565437.9
Owens-Wong,29312979.68
"Wright, Davis and Hayden",29241512.92
Shaw-Young,29235290.76
Smith and Sons,29170666.54
"Preston, Austin and Kelly",28750396.0
Mendoza and Sons,28109766.16
"Rich, Arnold and Glenn",27951125.03
"Kennedy, Santana and Flynn",27841557.94
Hernandez-Becker,27582705.71
Gibson PLC,27490563.57
"Hawkins, Cohen and Cameron",27399337.17
Crawford LLC,27178911.46
Baker-Bowers,27164856.93
Jensen and Sons,27139355.58
"Mccarthy, Evans and Mendez",27136045.46
Smith-Fitzgerald,26968131.69
Davis LLC,26920656.21
Hill-Donaldson,26776547.26
Trevino-Taylor,26543084.62
Francis Group,26386469.81
"Moore, Castro and Mullen",26312967.29
Taylor and Sons,26242196.48
Johnson-Carlson,25948249.42
Thompson-Reeves,25708823.06
"Foster, Smith and Grimes",25700099.6
Li-Santiago,25365681.18
Anderson Group,25354221.19
"White, Taylor and Baldwin",25114899.29
Le Group,25079415.33
Jimenez-Parker,24903912.52
Rogers LLC,24870412.88
Mitchell and Sons,24756313.97
"Quinn, Carter and Marshall",24580547.21
Parks-Morse,24568980.87
Garcia Ltd,24559195.86
Bruce-Newman,24437320.39
Webb-Ballard,24305869.59
Moon-Landry,24292022.7
Stone-Stark,24215197.75
"Turner, Baxter and Mcdowell",24193314.64
Howard-Lopez,24012102.91
Johnston Group,23915955.69
Warren-Baker,23900970.13
Grant Inc,23816574.23
Stephens-Gibbs,23695681.68
David-Powers,23640664.58
White-Richards,23609225.15
Baker and Sons,23561141.01
Jimenez Ltd,23470867.92
"Stephenson, Johnson and Rogers",23463101.19
Davis-Gregory,23437889.49
Alvarado-Martinez,23363857.14
Marshall PLC,23353604.61
Horton-Cross,23289880.24
"Fernandez, Guerrero and Evans",23256738.77
Mccormick Ltd,23254825.64
"Cruz, Carpenter and Best",23251517.08
Ellis PLC,23233069.03
Stone-Watts,23112803.63
"Wiggins, Soto and Carlson",23080146.93
Campbell-Clark,22982154.08
Cunningham LLC,22938255.9
Griffin-Baker,22919488.28
Patterson PLC,22887574.95
Dillon-Beard,22868976.06
"Sanchez, Ford and Nelson",22808565.27
Curtis-Wang,22738161.13
Sutton-Abbott,22685137.91
Salazar-Ball,22647936.74
Jackson-Colon,22612613.06
Martin-Ramos,22590599.01
"Leonard, Hawkins and Lynch",22541081.38
Conner Group,22485230.73
Chan Inc,22455517.88
Richardson Ltd,22364373.85
"Higgins, Fox and Hammond",22329134.36
"Calderon, Williams and Bennett",22325968.08
Campbell LLC,22319074.18
Cole PLC,22318810.3
Tran Ltd,22311516.73
Delacruz Group,22275703.66
"Ramsey, Hansen and Mendoza",22151085.84
Fisher-Eaton,22088768.63
Edwards-Taylor,22076567.33
"Chambers, Mitchell and Smith",22069284.09
"Mueller, Lindsey and Roberts",22041370.52
Robinson-Bright,22022535.56
"Jefferson, Johnson and Dorsey",22013057.85
"Graham, Osborn and Burton",21939988.26
"Rodriguez, Allen and Martinez",21914059.19
"Kidd, Huff and Novak",21770698.26
"Arnold, Cooper and Monroe",21596958.76
Jones LLC,21556390.45
"Dean, Mills and Barnes",21541579.25
Hancock and Sons,21502020.36
Mcdowell-Scott,21501880.58
Gilbert-Bullock,21414566.76
Johnston and Sons,21409255.92
Stanley LLC,21400702.86
Peters Group,21350323.44
Khan Ltd,21348131.34
"Townsend, Smith and Pierce",21261933.02
"Jordan, Smith and Lewis",21253717.06
Mann Inc,21198331.67
"Jones, Santiago and Ayala",21169886.53
Contreras Group,21163455.01
Conley Ltd,21088220.96
Schroeder PLC,21028646.04
Hughes-Schroeder,21017278.68
"Flores, Lamb and Carr",20981835.08
Preston Ltd,20976137.58
"Jackson, Werner and Carter",20946950.33
Medina-Arroyo,20908327.21
Lee PLC,20896710.74
Williams and Sons,20895717.8
Wheeler-Thompson,20864169.5
Diaz-Ball,20863331.08
White Inc,20857870.52
"Jacobson, Singleton and King",20820961.62
Finley-Turner,20804742.46
Adams and Sons,20782512.19
Hines-Burns,20778440.64
"Jones, Bean and Burton",20687896.78
Armstrong and Sons,20686667.31
"Curtis, Mcdaniel and Martin",20604254.31
Allen-May,20582150.55
Marshall LLC,20563533.83
Carter-Hall,20539009.14
Roberson-Webb,20530897.64
Martin Ltd,20515898.54
Cox LLC,20501966.6
Owens-Daniel,20422814.53
Harper and Sons,20389985.21
Perez-Tran,20298488.27
Cardenas-Blevins,20272245.76
Miles and Sons,20259412.9
Adams Group,20154095.09
Martinez-Dunlap,20137293.06
Walker-Gonzalez,20079201.02
Richardson PLC,20039818.53
Blake and Sons,20032812.85
Smith-Miller,20031633.44
"Brooks, Rodriguez and Prince",20021145.98
Miller Group,19986377.91
Dudley PLC,19948883.29
Russo and Sons,19943383.52
"Long, Anderson and Irwin",19915643.43
Pierce Group,19873696.32
"Green, Watson and Brady",19840590.69
Smith-Hardin,19793783.92
"Boyd, Ellis and Maynard",19791435.9
"Williams, Avila and Ruiz",19780096.95
Good Group,19753661.94
Williams Ltd,19751587.77
"Greene, Moran and Cox",19749358.73
"Morrow, Richardson and Carson",19745821.37
Brown Group,19742127.63
Adams-Butler,19726998.47
"Becker, Morales and Foster",19719888.4
Cross Inc,19712084.42
"Phillips, Wright and Jones",19705050.18
Stewart LLC,19696805.14
Contreras-Travis,19631935.92
Stafford Inc,19575458.84
"Valencia, Smith and Le",19540680.26
"Duncan, Contreras and Butler",19534948.82
Gibson LLC,19521819.06
Williams-Shields,19516865.07
House Ltd,19505023.54
Walters-Smith,19472937.21
"Matthews, Smith and Hubbard",19424651.61
Edwards and Sons,19422634.03
Arnold-Thompson,19358360.74
"Williams, Smith and Morse",19344118.96
"Rivera, Castillo and Griffin",19334610.89
Lee Ltd,19325008.1
Frazier Ltd,19282487.39
"Mendoza, Bennett and Frye",19200819.09
Hunt-Crawford,19165588.79
Miller LLC,19053543.19
Bonilla PLC,19051567.49
"Hines, White and Frazier",19042357.06
"White, Saunders and Johnson",18981635.7
King-Miller,18947881.65
Stevens-Sanchez,18939339.96
"Castillo, Warren and Griffith",18937369.54
Smith-Nguyen,18930206.63
"Owen, Shelton and Cisneros",18904129.51
Simpson Inc,18900655.01
Horton-Taylor,18812434.66
Wheeler Inc,18717351.0
Flynn Group,18666020.34
Allen Inc,18628860.8
Glass-Stone,18625062.36
"Diaz, Reyes and Bradley",18572611.26
Sanchez Group,18531704.99
"Jacobs, Garcia and Miles",18517430.8
Martin Group,18505841.56
Mcgee-Smith,18487210.81
Bryant-Hickman,18468487.74
Fuller and Sons,18426265.42
"Rodriguez, Brown and Mcneil",18423228.96
Santiago-Hodge,18382212.97
"Key, Dickson and Garcia",18377511.9
Anderson-Valencia,18365630.03
White PLC,18346427.96
"Wilson, Brown and West",18310780.73
Nielsen LLC,18279253.25
"Williams, Miller and Ramos",18198120.44
Smith-Clark,18075383.79
Trujillo PLC,18015461.63
Jones-Ramos,17959498.2
Lam-Elliott,17947899.41
"Gregory, Kim and Martinez",17940443.79
"Kennedy, Johnson and Lucas",17891742.57
Harris-Barker,17798974.49
Hughes Group,17789359.95
Perry-Nixon,17785492.78
"Singh, Graham and Larsen",17711151.79
Lambert-Burns,17683475.55
Banks-Robles,17619957.41
Jones-Fox,17613167.48
Foster LLC,17575622.25
Chambers-Taylor,17558328.53
Smith LLC,17526371.43
"Little, Leon and Hicks",17491122.36
Zuniga and Sons,17464360.54
Schmidt-Mcintyre,17456548.66
Stanton-Gill,17418862.86
Gonzalez PLC,17414434.87
"Ponce, Downs and Contreras",17404050.72
"Sanders, Miller and Murphy",17400539.85
"Williams, Smith and Taylor",17392841.97
Taylor PLC,17354977.15
Guerra PLC,17332339.14
Harvey-Mccullough,17309533.06
Payne-Garcia,17284333.35
Ray LLC,17270415.31
Oliver Group,17183098.67
"Morales, Thomas and Schultz",17155985.57
"Davis, Anderson and Wilkins",17118352.46
Miller-Jimenez,17115468.33
"Parks, Heath and Miller",17110963.8
Johns-Davis,17079219.47
Wright-Wilson,17075074.03
"Harrington, Cooper and Cunningham",17048007.44
Hebert LLC,17045359.38
Jackson-Edwards,17019600.73
Green LLC,17007190.57
Powell Ltd,16998582.16
Parks-Leblanc,16953359.37
Thompson Inc,16950315.07
"Hill, Davenport and Baird",16938332.61
Medina-Navarro,16930777.94
Rocha-Dominguez,16923989.37
Flores-Acosta,16915367.42
Morgan-French,16897687.07
Walsh Ltd,16884522.24
Arellano-Lawrence,16850133.37
Alvarado LLC,16762668.66
Jacobs-Austin,16744697.31
Hernandez PLC,16738876.8
Benson-Woods,16717734.72
Houston-Vaughn,16709833.86
Murphy-Hopkins,16694647.48
Hayes-Schultz,16692877.01
"Barber, Jarvis and Richard",16681353.47
"Kennedy, Mcintyre and James",16660920.17
Church-Brown,16653146.82
"Williams, Johnson and Wright",16620969.16
Underwood LLC,16612088.35
Edwards Group,16610310.18
Brock-Stone,16578219.75
Wilson Group,16573481.69
Kelley Group,16563741.53
"Edwards, Garcia and Romero",16559140.9
"Jensen, Ramirez and Collins",16528327.87
"Harris, Shaw and Carr",16500482.6
Gross-Sims,16413775.92
Mccoy-Hamilton,16403788.55
"Smith, Buck and Holland",16402743.49
"Coleman, Gray and Hall",16400102.54
Donovan-Harris,16363255.09
Thompson Ltd,16361850.62
Shaw-Farrell,16353031.86
Griffin-Robbins,16339595.43
Douglas-Burgess,16307588.15
Johnson-Mendez,16290500.49
"Brown, Bates and Anderson",16197880.61
Ferguson-Mclean,16166693.66
Baker-Williams,16144857.07
Pittman PLC,16103690.92
Lin-Rasmussen,16099571.09
Hawkins Inc,16085215.87
Holmes-Mcintyre,16042741.27
"Clark, Robinson and Kane",16041160.71
"Wright, Bruce and Gonzalez",16027685.88
"Moss, Cook and Williams",15980118.66
White-Flores,15963030.2
Carter-Neal,15928500.05
"Roberts, Norman and Cunningham",15891132.2
Bender-Mason,15770244.38
Smith-Li,15759389.51
Stephens-Lutz,15759081.06
"Wise, Lamb and Martin",15743314.6
"Rivera, Garcia and Kirk",15699527.65
Pacheco Group,15692109.93
"Wheeler, Rice and Levine",15644942.2
Allen Ltd,15619861.5
Wilson-Ramirez,15604166.18
"Sellers, George and Burns",15580566.72
"Fry, Hopkins and Faulkner",15559023.49
"Lara, Baker and Washington",15522171.35
Hayden Inc,15519973.59
"Williams, Crane and Walker",15464327.57
"Ellis, Baker and Wright",15452811.42
Cook and Sons,15449353.5
Weaver-Thompson,15416171.86
Webster Group,15396709.42
West-Stark,15392047.22
Kim PLC,15349932.8
Smith-Gomez,15340804.92
Cruz Ltd,15320682.55
Hill-Hawkins,15300036.02
Sanchez PLC,15277604.89
Dennis Inc,15267536.06
Grant-Walker,15251466.47
"Moore, Daniels and Powell",15207220.11
Padilla-Lewis,15206786.14
"Frazier, Smith and Dominguez",15188288.98
"Wilson, Wilson and Rodriguez",15144254.8
Parker Inc,15141483.19
Marquez-Fletcher,15130638.68
"Moreno, Price and Scott",15115161.7
Bruce-Villegas,15058478.75
"Flowers, Martin and Kelly",14991225.17
"Smith, Jones and Ware",14981443.82
Alexander Group,14976238.96
Price-Carrillo,14917951.83
Hammond-Strickland,14906450.07
Bell-Ellis,14898994.06
"Peterson, Gomez and Ingram",14872858.47
Jacobson Inc,14850319.39
French-Lopez,14842963.41
Ruiz-Jacobson,14841778.25
Francis-Morgan,14841368.6
Clark PLC,14827573.89
"Payne, White and Preston",14826043.97
"Taylor, Velazquez and Flores",14783877.09
Wagner-Levy,14765751.32
Ibarra-Suarez,14748770.97
"Morton, Medina and Webb",14734846.16
Koch-Decker,14709445.07
Wilson-Herrera,14706893.2
Howard-Lambert,14705839.44
Chapman Inc,14699594.58
"Washington, Allen and Gonzales",14688569.56
Stephens-Levine,14671042.9
Kramer PLC,14656823.54
Booth-Jones,14642259.16
Parsons-Hall,14587717.98
Rodriguez-Gregory,14585010.47
"Adkins, Wright and Murray",14539187.53
Allen PLC,14532380.51
Moreno Group,14519516.22
Griffith-Frank,14512885.03
Bush-Hill,14504643.29
Wright PLC,14491904.92
"Gonzalez, Maynard and Morris",14448843.13
Armstrong-Young,14448614.44
Fleming Ltd,14444483.52
"Suarez, Johnson and Lee",14436819.62
"Mitchell, Boone and Stokes",14404415.17
Boone-Simmons,14399863.49
"Johnson, Wood and Tran",14377849.62
"Williams, Miller and Sandoval",14331712.0
Taylor LLC,14302579.63
"Gonzalez, Watson and Smith",14299881.04
Glenn LLC,14280217.79
Bush Ltd,14267401.61
"Hicks, Porter and Williams",14261917.33
Sloan-Raymond,14246745.26
Williams LLC,14226403.01
Payne-Thompson,14207052.97
"Matthews, Bell and Page",14199596.56
"Walls, Chen and Harris",14195411.07
Rivera LLC,14184078.98
Mccann and Sons,14178110.19
Baker-Wilson,14176999.41
Underwood Ltd,14144628.05
Dennis PLC,14138910.71
Hunter-Fuller,14128641.56
Carter LLC,14055737.28
Byrd-Holloway,14035305.66
Crane-Washington,14033082.5
Cole LLC,13996337.5
Brown Inc,13976832.26
"Riggs, Roman and Rice",13939676.02
"Mitchell, Goodman and Cole",13936192.81
Washington-Harris,13930457.69
Johnson LLC,13914800.62
Houston-Harris,13904382.72
Newman Inc,13899768.93
Cordova Group,13896633.38
"Walters, Baker and Freeman",13871660.92
"Harrison, Franco and Rocha",13843772.17
Price Ltd,13832381.09
Walker PLC,13811105.78
Stewart-Nelson,13787369.03
Pham-Shields,13785052.2
"Davis, Holden and Woods",13779950.22
Green and Sons,13778107.02
Phelps LLC,13721408.36
Holt and Sons,13716287.99
"Lang, Griffin and Williams",13695659.81
"Vega, Jimenez and Aguilar",13687850.36
Gray Ltd,13674944.22
"Ferguson, Meadows and Vargas",13666332.08
Carlson-Andrews,13653195.96
"Colon, Zavala and Smith",13637120.07
"Jones, Underwood and Bartlett",13628430.09
Alexander Inc,13625901.11
"Johnson, Cervantes and Garcia",13619122.9
"Oneill, Henry and Salas",13608834.65
Valdez LLC,13595594.1
Garrison-Cohen,13575875.6
"Bush, Holland and Fischer",13572165.04
"Adkins, Thompson and Carroll",13571087.23
Salas Inc,13549506.22
"Johnson, Juarez and Carter",13545596.81
Vincent Ltd,13532329.39
"Clay, Alvarez and Williams",13518224.93
Aguilar and Sons,13513054.47
"Ramos, Frazier and Love",13493449.01
Cooper Inc,13476964.02
Diaz-Morales,13475314.41
"Barton, Jefferson and Burke",13472004.8
Murphy-Juarez,13459322.09
Campbell Group,13421412.22
"Wilson, Hicks and Bullock",13417216.99
Gutierrez Group,13416230.4
"Brown, Schneider and Moore",13408990.46
"Ramos, Anderson and Stein",13406874.89
"Daniels, Snyder and Mays",13402703.34
Beck Inc,13391539.2
"Winters, White and Brock",13379598.6
Lee-Cooke,13361766.7
Lozano Ltd,13359174.59
"Martinez, Nielsen and Miller",13322675.77
Spencer-Garcia,13320995.97
"Hernandez, Thompson and Boyd",13279395.29
Wise-Bush,13277476.92
Griffin-Hernandez,13272808.18
Johnson-Davis,13268705.53
Smith-Thomas,13264059.81
Huerta-Evans,13234493.47
"Luna, Thornton and Stone",13197688.1
Roberts-Wilson,13193291.27
"Nicholson, Hickman and Evans",13164524.49
Gill Ltd,13155034.46
Jacobs-Mason,13129093.49
Johnson-Nelson,13090233.99
Flores Inc,13070901.67
Mendoza-Peterson,13069870.04
Conrad Group,13058464.92
Patterson-Woods,13043622.21
Burgess-Patterson,13028281.41
Wright Group,13017470.27
"Reed, Franco and Wiley",13002595.89
Herrera and Sons,12965246.95
"Barnes, Estes and Barrera",12943515.04
Kim-Ross,12927731.46
Sandoval PLC,12925336.47
Harris-Lawson,12869733.85
Phillips LLC,12859992.75
Barber-Walker,12840531.28
Scott-Smith,12831240.6
"Kelly, Holland and Williams",12827115.33
"Parker, Ortiz and Powell",12790816.17
"Anderson, Roberts and Gilmore",12783958.56
Cain-Hawkins,12769237.13
Ward-Davis,12751919.1
Hill Ltd,12734531.62
"Murphy, Bishop and Holland",12731623.34
Bell Inc,12705659.08
Ibarra-Taylor,12624841.78
"Malone, Davis and Gray",12618289.63
"Whitaker, Porter and Pena",12617499.06
Wilson-Elliott,12609660.1
"Gonzalez, Hardy and Lee",12562675.63
Williams Group,12539546.1
Haney-Phillips,12493292.75
Vaughn-Fowler,12484598.38
"James, Stewart and Higgins",12440878.34
Rose-Obrien,12437693.39
"Evans, Alvarado and Mcmillan",12435451.61
"Wong, Bernard and Smith",12433586.05
Smith Inc,12429350.04
"Figueroa, Swanson and Lewis",12420231.45
Hoffman-Wheeler,12415178.08
Atkins-Miller,12394096.1
Foley Inc,12390177.34
Oconnor PLC,12356074.82
"Carpenter, Oliver and Kennedy",12348792.55
"Vasquez, Mckinney and Wallace",12341211.69
Gallegos-Brandt,12337482.33
Green-Barnes,12321575.86
Gates PLC,12299144.79
Brown-Copeland,12275862.6
Torres and Sons,12198109.49
Peterson and Sons,12058392.13
"Burns, Hart and Wells",12024913.65
Ortiz PLC,12021748.2
"Lynch, Parker and Harmon",12012408.79
Johnston-Odonnell,12005969.62
Hernandez Group,11954118.9
Miller Ltd,11952518.32
Erickson and Sons,11930530.05
"Jackson, Moore and Ayala",11928068.04
"Johnson, Jones and Welch",11923771.99
"Henson, Russell and Oliver",11916538.9
Smith-Walker,11911907.36
"Elliott, Bishop and Martin",11901243.65
"Potter, Evans and Kidd",11888928.91
"Campos, Vaughn and Marquez",11871662.59
"Anderson, Henson and Jones",11856989.93
"Casey, Nguyen and Ramirez",11837649.01
Nelson-Lamb,11823108.47
Carlson-Ayala,11781704.15
Conner and Sons,11768532.89
Martinez LLC,11760905.33
"Sanchez, Phillips and Jenkins",11740387.93
Shields LLC,11736043.48
Nunez-Whitney,11702487.15
"Pace, Miller and Willis",11699629.1
Holland LLC,11693888.22
Hall-Rowe,11689972.1
"Adams, White and Park",11689349.06
"Coleman, Jordan and Carney",11645720.32
"Garcia, Powell and Morgan",11638650.76
Woods and Sons,11623447.39
"Cox, Cox and White",11609936.06
Dawson-Walters,11606454.89
Morgan LLC,11574685.76
Fields PLC,11569463.9
Oconnell Inc,11548059.43
Bass PLC,11542360.17
Brooks-Williamson,11535234.27
Warren-Bishop,11533434.35
Turner Ltd,11515979.95
"Lawson, Morris and Ramos",11503579.01
Jones-Beck,11492722.83
Smith-Moreno,11471171.55
James Inc,11459510.38
"Rose, Rodriguez and Roberts",11425077.24
"Horton, Snyder and Sanchez",11403004.38
Freeman Ltd,11377017.29
Oconnor Group,11375723.41
"Mitchell, Pugh and Johnson",11358802.27
Young LLC,11358141.91
Rowe and Sons,11355866.76
Brooks Ltd,11352295.47
"Santos, Mullen and Gordon",11348682.08
Ward PLC,11343060.86
Sheppard-Mueller,11310407.04
Ellis and Sons,11309915.5
"Lawrence, Lara and Gonzalez",11308475.18
Martinez PLC,11301230.46
"Nelson, Hoffman and Nelson",11267592.01
"Spencer, Myers and Harrison",11241282.22
Green PLC,11241116.52
"Hunt, Cameron and Kelley",11232241.39
Mckinney-Moore,11227729.71
"Miller, Lucas and Williams",11226983.58
"Browning, Jones and Miller",11221234.1
Orr-Klein,11189738.81
Roberts Ltd,11171943.11
Garrison and Sons,11144078.68
Bender LLC,11131916.0
Brown-Dickerson,11122238.74
"Taylor, Hinton and Ramsey",11111227.11
"Hamilton, Ramsey and Crawford",11106932.33
Neal Ltd,11104133.67
"Bowman, White and Burch",11103807.93
"Hall, Garcia and Rivera",11080210.29
"Yang, Barnes and Morris",11062753.91
"Rodriguez, Figueroa and Sanchez",11056962.43
"Durham, Hopkins and Smith",11040484.03
"Camacho, Nicholson and Robertson",11012332.94
"Johnson, Moore and Robinson",11007246.66
Johnson Inc,10982040.89
"Cannon, Anderson and Alvarez",10981728.55
Ramsey-Pittman,10979917.48
Gordon-Cruz,10958125.47
"Norton, Mayo and Casey",10924860.6
Love Inc,10918085.01
"Patton, Parsons and Lane",10902723.54
Lopez LLC,10901884.99
"Morse, Gonzales and Harrison",10895005.76
"Mullen, Brewer and Hernandez",10894311.26
"Hill, Martinez and Rhodes",10880018.44
"Stokes, Brown and Garcia",10875572.32
Cook-Oliver,10857920.17
Blake Group,10855710.24
Carter Inc,10830610.43
Hernandez-Dawson,10825347.82
"Moore, Pierce and Tran",10805171.35
Obrien-Gibbs,10802751.23
"Richmond, Walsh and Wu",10785398.07
"Davenport, Price and Mosley",10780141.98
"Lucas, Parker and Alexander",10775718.36
Ramos PLC,10771140.33
Haley Ltd,10755809.57
Buchanan and Sons,10748614.72
Mendez-Graham,10744512.46
Palmer-Byrd,10723089.13
"Lee, Williams and Graham",10689758.01
"Fischer, Patterson and Davis",10685598.86
Harrell LLC,10681737.5
Aguilar PLC,10652819.68
Day PLC,10637463.74
Vega Ltd,10634523.13
"Moreno, Bennett and Chavez",10609325.86
Garcia-Davis,10573836.26
"Duarte, Burns and Hernandez",10482016.86
"Fletcher, Miller and Hansen",10463914.94
York-Stevens,10451862.62
Kane-Pollard,10445613.4
"Jackson, David and Moore",10445361.54
"Greene, Gonzalez and Johnson",10420557.4
Byrd-Moore,10378442.28
Conley PLC,10366724.04
"Downs, Morris and Maddox",10346609.91
"Wiley, Collins and Garcia",10254490.73
Sellers-Riddle,10215384.17
Campbell Ltd,10213397.52
Taylor Ltd,10173413.6
"Lynch, Hernandez and Farmer",10162474.8
"Riley, Hammond and Lewis",10146186.48
Mcguire-Davis,10112925.57
Riggs PLC,10019173.84
Freeman LLC,9986265.81
Grant-Diaz,9962461.25
"Wolf, Cole and Glass",9957151.0
Johnson-Wood,9953028.34
"Lucas, Rasmussen and Rivera",9926937.82
Ponce-Hale,9889062.53
James-Ferrell,9832743.47
"Heath, Jones and Hall",9810496.32
"Brown, Jones and Johnson",9707139.6
Washington-Jones,9601792.5
"Sanders, Leblanc and Maldonado",9555342.64
Thomas-Huffman,9540393.05
Harper-Carr,9534057.43
Thompson-Joyce,9520945.63
"Johnson, Dunlap and Martin",9434800.81
Rhodes PLC,9427468.99
Graham-Joyce,9422911.82
"Phillips, Walters and Evans",9417729.69
Morgan-Lane,9302992.79
"Simpson, Bates and Morales",9280466.17
Knox-Powers,9267188.18
Flores-Evans,9258434.14
"Rodriguez, Gordon and Dougherty",9253223.12
"Turner, Tyler and Pierce",9222884.35
Ward-Nelson,9222066.12
Kaufman and Sons,9210766.17
Medina PLC,9104676.51
"Rowe, Lucas and Case",9089444.39
Owens-Holmes,9080856.61
Howe-Long,9053000.33
Everett-Woods,9051561.11
Fox PLC,9046709.59
Thompson PLC,9044643.22
Allen Group,9003379.43
"Dunn, Ruiz and Medina",8984756.63
Johnson Ltd,8973299.58
"Patton, Reed and Patterson",8962773.51
"Lee, Rhodes and Sims",8938283.33
"Vargas, Morris and Sanchez",8925266.36
"Hoffman, Santiago and Jenkins",8920925.2
Gibson-Freeman,8890580.12
"York, Brandt and Morrison",8876163.07
"Stephens, Lopez and Mcclure",8810193.67
"Cole, Watson and Wallace",8798365.66
Becker-Griffith,8777673.64
Moore-Haynes,8766052.02
"Hernandez, Kim and Potts",8758105.13
Smith Group,8745919.46
"Tanner, Wise and Johnson",8744175.98
Ramirez-Lewis,8728405.22
Carr-Huffman,8709174.01
Powell PLC,8706759.69
Willis-Hines,8703972.96
"Hansen, Barnett and Gomez",8657094.51
Vargas-Bell,8648562.15
Turner-Stout,8643949.99
Bailey-Davis,8626788.83
Stark Inc,8612629.88
Kramer-Shannon,8607794.44
Jordan-Sanchez,8603472.63
"Joseph, James and Harper",8593508.12
Reid-Steele,8586731.5
Mcdaniel Group,8549846.71
"Johnson, Gonzalez and Santos",8543495.91
"Gutierrez, Huang and Ellis",8499254.07
Wilson LLC,8481847.43
"Smith, Robertson and Allen",8472897.68
Barrera-Martin,8468574.07
"Patterson, Sullivan and Bowman",8460461.39
Mcknight Inc,8404375.59
"Clark, Salinas and Guerra",8403893.49
Brooks and Sons,8400424.73
Jones Ltd,8399340.88
"Wilson, Hester and Long",8389446.37
"Good, Brewer and Fisher",8385220.27
Hudson PLC,8375469.93
Buckley PLC,8367838.64
Johnson Group,8357007.86
Griffin Ltd,8355804.38
Ruiz Ltd,8335381.49
Page-Hodges,8335104.81
Maynard-Wagner,8328643.48
Clements PLC,8322050.69
Anderson PLC,8296035.73
Vasquez-Ray,8291694.65
Jordan PLC,8287807.13
"Clark, Velez and Ward",8278531.28
Morgan PLC,8274983.49
"Higgins, Moore and Phillips",8267070.76
Larsen LLC,8246616.63
"Elliott, Hart and Lopez",8238415.85
"Craig, Sanders and Singleton",8224463.65
Blankenship-Turner,8211546.11
Stanley-Bates,8210045.08
"Mcdaniel, Bentley and Mclaughlin",8209714.81
Stewart-Bailey,8179631.66
"Griffin, Brown and Anderson",8168039.31
Bailey-Hoover,8162471.2
"Ramsey, Johnson and Black",8148146.21
Walker-Flores,8138834.29
Elliott-Hernandez,8124616.3
White LLC,8076141.23
"Davis, Simmons and Ortega",8069972.65
Murphy Group,8069954.53
"Hoffman, Walker and Holland",8067372.99
Murray Inc,8067252.1
Rodriguez-James,8059694.58
"Thomas, Lee and Greene",8040464.65
Jones-Marshall,8039615.92
Gibbs Inc,8031664.09
Strickland PLC,8027890.26
"Davidson, Hernandez and Serrano",8012953.19
"Saunders, Becker and Taylor",7995918.87
Garcia-Nolan,7994927.42
"Sparks, Jackson and Miller",7992802.08
Day and Sons,7985923.31
Atkinson Ltd,7962663.02
Richard LLC,7956888.59
"Barnes, Newton and Moore",7954475.63
Hopkins-Espinoza,7952363.68
Moore and Sons,7941215.48
Williams-Campbell,7929025.55
White-Ford,7908445.21
"Prince, Wilcox and Robertson",7907249.72
Horton-Russell,7906535.82
Garrett-Wolf,7899632.52
"Hill, Weber and Mendez",7895600.64
"Flores, Mckenzie and Duncan",7831391.34
Mcdowell-Smith,7820701.21
Thompson-Lewis,7779074.59
Bell-Williams,7772619.39
"Buck, Garrett and Simmons",7743955.71
"Sharp, Perez and Hicks",7728424.83
Cardenas-Barnes,7719701.73
Hester-Anderson,7702032.19
"Griffin, Moore and Hensley",7700232.61
Melendez-Hart,7694444.3
Barron-Cowan,7692396.99
"Thomas, Collins and Gibson",7666558.22
"Sutton, Todd and Taylor",7597990.13
Warner-Phillips,7590054.45
Richard-Garcia,7582607.49
Johnson and Sons,7498022.82
Martinez Group,7462035.97
"Wilson, Smith and Cortez",7450008.57
"Potter, Mack and Peterson",7412853.96
"Stevens, Scott and Lopez",7412715.76
Walker-Rodriguez,7407129.42
Mccarthy Inc,7386361.54
Tyler-Young,7367247.39
"Newton, Ortiz and King",7267207.02
Crosby-Williams,7222527.64
Morgan-Lopez,7198513.58
Torres-Oliver,7182662.28
Cooper PLC,7040080.71
"Davis, Stanton and Reid",6985725.31
"Lawrence, Wolf and Carlson",6924960.92
Lawrence Group,6837067.79
"Ramos, Nelson and Fischer",6817824.74
Harris and Sons,6769572.73
Davis-Crane,6664613.13
"Rodriguez, Smith and Edwards",6581672.52
Knight PLC,6541131.78
Brown-Hernandez,6429083.25
"King, Scott and Smith",6402256.85
"Estrada, Williams and Foster",6376362.43
Lewis-Porter,6373225.46
Morris-Miller,6341250.88
"Henry, Jackson and Norton",6338812.0
"Jones, Rivers and Moss",6330283.83
"Garcia, Farmer and Garrett",6308242.01
"Stevenson, Evans and Rogers",6292267.03
"Cole, Pierce and Bryan",6250382.34
"Wheeler, Rocha and Rodriguez",6211908.79
Young-Hendricks,6183251.32
"Hendricks, Henry and Martinez",6168250.01
"Murray, Dunn and Roberts",6138445.57
Keith-Sanchez,6137192.98
"George, Nguyen and Cruz",6115234.23
Ferguson-Moody,6102477.19
"Thomas, White and Jensen",6098991.67
"Young, Reese and Mccall",6077135.2
"Harper, Chambers and Flores",6016670.49
Walker and Sons,5997235.74
Allen-Sandoval,5948462.93
Murphy-Tran,5935198.99
Mendez-Robinson,5931232.93
"Powers, Clements and Cox",5929027.19
Chavez-Barker,5857971.43
Dillon Group,5854056.44
"Santos, Moody and Taylor",5847667.02
"Thompson, Maxwell and Marshall",5842108.28
Leonard Group,5841290.23
"Chavez, Parker and Hall",5838981.45
Hall and Sons,5830909.95
"Stone, Carpenter and Johnston",5822651.42
Green-Dawson,5817021.75
Reyes-Washington,5814794.79
Bradley-Todd,5797538.82
Phillips-Gonzalez,5793342.37
"Ray, Cunningham and Levine",5783329.38
Brown-Frey,5776478.7
Lopez-Holmes,5755202.53
Wilkerson Group,5745635.36
Conway Ltd,5728028.63
"Torres, Bush and Morrison",5708484.66
Munoz-Roman,5705659.87
"Stevens, Norris and Cox",5697482.3
"Hicks, Frazier and Anthony",5675766.37
Lewis-Salinas,5669761.03
Brown-Kim,5638756.25
"Johnston, Sanchez and Kennedy",5632783.39
"Barnett, Rogers and Snyder",5617376.15
"Young, Caldwell and Lewis",5608736.62
"Wolfe, Sloan and Johnson",5607203.44
"Mcknight, Michael and Jones",5601328.83
"Sanchez, Beck and Wood",5589230.22
Jackson Group,5580938.24
Lozano-Watts,5576928.91
Ware and Sons,5569657.87
Ford-Frazier,5547233.49
Wilkerson-Arias,5529379.22
Stanley-Wright,5528298.45
Cox-Smith,5528259.54
Daniels-Perry,5490560.56
"Davis, Johnson and Williams",5486339.05
"Hernandez, Martinez and Caldwell",5469147.62
"Mcpherson, Anderson and Knapp",5438036.01
Soto-Lopez,5424180.96
Coleman-Reese,5423088.44
Vaughn Ltd,5396736.69
"Fitzgerald, Brown and Edwards",5359507.72
Phillips-Brown,5355466.63
"Webb, Carroll and Kim",5342678.42
Williams-Moses,5335008.9
"Miller, Lopez and Larson",5286230.23
Silva LLC,5272951.93
"Jones, Gibson and Ward",5263860.69
"Stewart, Robinson and White",5262279.82
"Johnson, Small and Gardner",5231179.39
Alexander-Jordan,5222490.45
Gonzalez-Morrison,5204945.85
"Myers, Gamble and Sanford",5119507.71
"Holland, Smith and Fisher",5085180.61
"Jones, Hale and Blair",5085008.73
"Morris, Wright and Bridges",5077105.22
"Winters, Morgan and Bradshaw",5076624.31
Warren Inc,5049421.25
Hayes-Brown,5041906.6
Mckinney-Powell,5023935.73
Gross PLC,4964224.78
"Alexander, Robinson and Coleman",4959414.52
Garcia Group,4929138.96
Banks-Thompson,4857332.99
Campos Inc,4831547.42
Delgado-Gilmore,4830341.99
"Pollard, Simpson and Johnson",4548689.12
Parrish-Griffith,4540793.86
Henderson-Morales,4440713.68
Hensley-Flores,4340274.73
Nelson LLC,4194720.91
Alexander-Brown,3528958.24
Wilson-Young,3453708.88
Bryant-Meyer,3445312.36
"Haynes, Barnes and Roach",3440889.46
Richards-Carson,3412508.48
"Osborn, Gaines and Davis",3333411.21
Cook-Hines,3312773.3
"Haynes, Hill and Smith",3311218.01
May Ltd,3309436.4
Dunn-Wilson,3246459.52
"Padilla, Garcia and Jackson",3185747.65
"James, Kerr and Evans",3098874.55
Malone and Sons,3084349.62
"Montgomery, Hensley and Ray",3079421.06
Sanchez Inc,3064526.02
Odom PLC,2995096.76
Ellis-Lawrence,2939371.99
Hughes-Frye,2902989.45
"Anderson, Browning and Murphy",2887063.99
Chavez Ltd,2840128.15
Rowland-Wells,2822975.24
"Mcbride, Byrd and Oliver",2816303.34
"Carter, York and Ruiz",2759539.62
"Daniels, Vance and York",2687504.96
"Leach, Harris and Herrera",2679184.21
"Brown, Ford and Roman",2618459.77
King-Smith,2495756.94
"Duke, Shelton and Davis",2452926.53
Herman-Arnold,2437758.47
Williams-Gonzales,2437474.05
Costa-Harrison,2432117.53
Burch-Montoya,2427438.02
"Gonzalez, Vargas and Rivas",2421536.57
"Santos, Kim and Holmes",2417247.42
Bell-White,2403524.18
"Richards, Haynes and Jones",2379018.56
"Griffith, Lee and Moore",2373421.58
Adams-Sanders,2343677.49
"Marsh, Spears and Yang",2336193.01
Summers-Simpson,2257240.68
Fernandez Inc,2171494.12
George Group,2153777.34
Obrien Ltd,2122171.53
"Farmer, Hill and Stuart",2090966.02
Simmons-Wilson,1932758.42
