customer_id,customer_name,industry,customer_segment,country,region,customer_since
CUST_033554,"Barnes, Chen and Perry",Technology,UNKNOWN,Sweden,North America,2026-04-16
CUST_009428,"Anderson, Wright and Parsons",Healthcare,Mid Market,Sweden,Asia Pacific,2025-07-14
CUST_000200,"Moore, Pierce and Tran",Retail,Consumer,France,Asia Pacific,2021-07-06
CUST_012448,Medina-Andrews,Technology,Small Business,India,Asia Pacific,2025-07-16
CUST_039490,Dominguez-Petty,Automotive,Consumer,Netherlands,North America,2021-07-11
CUST_042725,"Green, Williams and Mayo",Retail,Consumer,Australia,Asia Pacific,2021-09-10
CUST_010823,"Patterson, Rivera and Soto",Manufacturing,Enterprise,United States,Europe,2023-07-01
CUST_049499,"Mcdonald, Arroyo and Williams",Energy,Consumer,France,Asia Pacific,2022-06-01
CUST_004145,Flores-Estrada,Technology,Small Business,Netherlands,North America,2025-07-21
CUST_036959,Simpson Group,Finance,Consumer,Germany,Europe,2021-06-21
CUST_043107,Hess-Robbins,Technology,Mid Market,Germany,Asia Pacific,2023-07-22
CUST_038696,Hart Inc,Manufacturing,UNKNOWN,Australia,Asia Pacific,2021-01-15
CUST_006189,Hart Inc,Manufacturing,Enterprise,United Kingdom,Europe,2021-05-08
CUST_001415,Bentley-Berg,Automotive,Small Business,United Kingdom,Europe,2023-12-13
CUST_018472,Walters-Duarte,Healthcare,Enterprise,UNKNOWN,North America,2025-11-21
CUST_029283,"Dennis, Jennings and Mitchell",Energy,Mid Market,Australia,North America,2024-11-20
CUST_015178,Hull Inc,Automotive,Consumer,Sweden,Europe,2022-07-18
CUST_034305,"Kane, Bennett and Castillo",Automotive,Small Business,Germany,North America,2021-07-17
CUST_012610,Escobar-Roach,Automotive,Mid Market,Canada,Europe,2026-01-23
CUST_012145,Reynolds LLC,Retail,Small Business,Germany,North America,2021-09-26
CUST_006114,"Avila, Weber and Williams",Automotive,Mid Market,United States,Europe,2025-01-23
CUST_015909,"Terrell, Jones and Diaz",Energy,Consumer,United Kingdom,North America,2021-02-19
CUST_000822,Marquez-Fletcher,Healthcare,Enterprise,Japan,North America,2022-07-07
CUST_015119,Perez Group,UNKNOWN,Consumer,Sweden,Europe,2025-03-30
CUST_013467,Matthews-Watson,UNKNOWN,Small Business,Germany,North America,2025-10-30
CUST_026498,Evans-Johnson,Manufacturing,UNKNOWN,France,Asia Pacific,2021-05-21
CUST_042112,Johnson and Sons,Healthcare,Enterprise,Canada,Asia Pacific,2023-09-24
CUST_030189,Phillips Ltd,Manufacturing,Small Business,United States,Europe,2023-06-18
CUST_037238,"Murray, Olsen and Miller",Technology,Consumer,Japan,North America,2025-02-01
CUST_033110,Wood-Wheeler,Technology,Enterprise,France,North America,2024-07-28
CUST_036481,Lawson-Campbell,Technology,Enterprise,Canada,North America,2021-05-11
CUST_024149,"Lee, Olson and Wyatt",Energy,Enterprise,UNKNOWN,Europe,2023-03-23
CUST_005504,Snyder Group,Manufacturing,Small Business,France,North America,2021-04-15
CUST_003919,Young-Sullivan,Finance,UNKNOWN,Netherlands,Europe,2025-04-14
CUST_038479,Burgess-Hobbs,Energy,Small Business,France,North America,2021-01-19
CUST_021124,"Edwards, Johnson and Zuniga",Retail,Mid Market,Germany,North America,2023-08-04
CUST_049718,Alvarez LLC,Retail,Enterprise,Canada,Asia Pacific,2022-09-10
CUST_042295,Ball PLC,Healthcare,Enterprise,Sweden,Europe,2025-07-19
CUST_047610,Stephens LLC,Healthcare,Small Business,France,North America,2024-06-11
CUST_011077,Daugherty and Sons,Energy,Consumer,France,Europe,2024-01-04
CUST_041515,Miranda Inc,Retail,Consumer,Sweden,North America,2024-02-21
CUST_022063,Gonzalez LLC,Logistics,Enterprise,United States,North America,2026-05-19
CUST_009414,Robinson-Smith,Logistics,Consumer,UNKNOWN,Asia Pacific,2024-07-31
CUST_038341,Barnett LLC,Manufacturing,Small Business,Netherlands,North America,2022-12-28
CUST_030264,Mitchell-Williamson,Automotive,Consumer,Japan,Europe,2025-12-03
CUST_041253,"Williams, Hamilton and Barnett",Healthcare,Small Business,France,North America,2023-03-24
CUST_014645,"Tucker, Casey and Winters",Logistics,Consumer,Germany,North America,2024-03-03
CUST_026336,Massey-Richardson,Logistics,UNKNOWN,UNKNOWN,Asia Pacific,2021-09-13
CUST_028103,Olson-Frazier,Finance,Small Business,Netherlands,North America,2024-05-08
CUST_017524,Watkins-Huffman,Manufacturing,Mid Market,India,North America,2021-10-07
CUST_024713,"Preston, Mccoy and Taylor",Technology,Small Business,United States,North America,2021-05-22
CUST_040486,"Kennedy, Smith and Rivera",Retail,Small Business,Australia,North America,2022-12-15
CUST_003851,"Phillips, Nichols and Diaz",Healthcare,Enterprise,France,Asia Pacific,2023-02-10
CUST_040041,"Ball, Richards and Mcintosh",Logistics,Mid Market,Canada,Europe,2022-09-02
CUST_015268,Mason PLC,Technology,Small Business,India,Europe,2022-12-16
CUST_049147,Hamilton-Peterson,Finance,Small Business,Australia,Asia Pacific,2023-09-08
CUST_030002,Martin-Campos,Automotive,Small Business,France,Europe,2024-07-30
CUST_045927,Lynn Group,Technology,Small Business,Canada,Europe,2024-12-28
CUST_043825,"Caldwell, Gonzalez and Dawson",Logistics,Consumer,UNKNOWN,Europe,2025-08-08
CUST_017241,Kelly Ltd,Healthcare,Consumer,Canada,North America,2022-06-16
CUST_004893,"Anderson, Romero and Allen",Logistics,Consumer,Sweden,Europe,2023-09-03
CUST_000726,"Ramos, Anderson and Stein",Technology,UNKNOWN,Germany,North America,2025-07-22
CUST_022950,"Rush, Gardner and Reynolds",Healthcare,Small Business,Canada,Asia Pacific,2024-05-13
CUST_034658,"Mcfarland, Cabrera and Reyes",Technology,Consumer,United Kingdom,Asia Pacific,2025-11-21
CUST_037214,Weaver-Casey,Energy,Mid Market,Australia,North America,2023-07-31
CUST_020305,Sullivan Inc,Energy,Consumer,Australia,Asia Pacific,2022-06-19
CUST_015270,"Williams, Rivera and Meyer",Energy,Small Business,Japan,Europe,2022-10-04
CUST_022368,Williams and Sons,Finance,Consumer,United States,Asia Pacific,2022-07-12
CUST_042685,Pacheco-Wright,Technology,Mid Market,Sweden,Europe,2025-05-03
CUST_046735,Cummings-Soto,Automotive,Mid Market,Canada,Europe,2021-03-27
CUST_011733,"Murray, Hernandez and Cook",Healthcare,Consumer,Germany,Europe,2024-10-25
CUST_018620,"Kane, Carrillo and Hansen",Technology,Mid Market,Germany,Asia Pacific,2024-01-23
CUST_048493,"Orozco, Parker and Lowe",Energy,Mid Market,Canada,Europe,2026-05-20
CUST_026804,"Thomas, Williams and Evans",Logistics,Mid Market,United States,Asia Pacific,2024-03-20
CUST_044306,Cook-Greene,Energy,Enterprise,United Kingdom,Europe,2023-01-30
CUST_047523,"Costa, Roberts and Walker",Manufacturing,Small Business,Australia,Asia Pacific,2023-07-18
CUST_032208,Lawrence-Taylor,Logistics,Small Business,Canada,North America,2021-09-07
CUST_002531,"Rowe, Fox and Anderson",Logistics,Mid Market,Canada,Europe,2022-10-13
CUST_017747,Dean LLC,Healthcare,Consumer,Japan,Europe,2023-11-17
CUST_008271,"Swanson, Christensen and Gomez",Finance,Small Business,Germany,Europe,2025-09-23
CUST_015080,Dixon-Abbott,Finance,UNKNOWN,Australia,Europe,2023-05-31
CUST_013625,Brown LLC,Manufacturing,Mid Market,Japan,Europe,2022-05-08
CUST_030639,Hudson-Ramsey,Manufacturing,Small Business,United States,Europe,2023-06-12
CUST_030441,Lee and Sons,Energy,UNKNOWN,United States,North America,2022-07-30
CUST_036057,"Johnson, Riley and Dudley",Manufacturing,Mid Market,India,North America,2021-08-27
CUST_042652,Reese Ltd,Technology,Consumer,Netherlands,Asia Pacific,2025-12-14
CUST_036804,Quinn Ltd,Energy,Enterprise,France,Asia Pacific,2025-06-30
CUST_048225,Johnson and Sons,UNKNOWN,Mid Market,India,North America,2026-06-04
CUST_029227,Smith Ltd,Technology,Small Business,France,Asia Pacific,2025-08-22
CUST_005634,Stevens Group,Manufacturing,Mid Market,Sweden,Europe,2022-08-10
CUST_005988,"Simmons, Martin and Olsen",Automotive,Mid Market,Netherlands,North America,2024-03-04
CUST_048064,"Evans, Garcia and Gallagher",Energy,Small Business,Sweden,Asia Pacific,2024-06-18
CUST_001813,"Parker, Brewer and Schneider",Automotive,Small Business,Canada,North America,2021-06-20
CUST_027579,"Howard, Lopez and Smith",Logistics,Consumer,United Kingdom,North America,2023-11-08
CUST_016824,"Clark, King and Meadows",Healthcare,Small Business,Netherlands,North America,2025-08-26
CUST_003929,Young-Hanson,Technology,Enterprise,Japan,Asia Pacific,2023-12-23
CUST_037287,Horton Ltd,Retail,Mid Market,United States,North America,2023-10-02
CUST_025046,Reed-Peters,Healthcare,Small Business,Germany,Asia Pacific,2024-05-19
CUST_015728,"Harris, Martin and Johnson",Retail,Mid Market,Germany,Europe,2022-08-10
CUST_029601,"Huber, Reynolds and Dickerson",Finance,Enterprise,UNKNOWN,North America,2024-03-18
CUST_010431,Hall-Mcclain,Automotive,Enterprise,Japan,North America,2024-11-02
CUST_025769,Johnson-Alexander,Automotive,Enterprise,France,Asia Pacific,2024-08-18
CUST_029104,"Erickson, Olson and Crane",Healthcare,Mid Market,Sweden,Asia Pacific,2026-06-24
CUST_036538,Martinez Ltd,Energy,Small Business,United States,Asia Pacific,2025-02-21
CUST_039329,Frank and Sons,Manufacturing,Enterprise,Netherlands,Asia Pacific,2023-11-17
CUST_035540,"Perez, Underwood and Gallagher",Energy,Consumer,France,Asia Pacific,2025-03-18
CUST_028076,Baker-Hawkins,Retail,Consumer,India,Asia Pacific,2021-03-05
CUST_017841,Jones-Ford,Retail,Consumer,United Kingdom,North America,2023-09-01
CUST_027803,Cross Ltd,Healthcare,Mid Market,India,Europe,2023-03-06
CUST_007683,Miller-Hamilton,Energy,Mid Market,United Kingdom,Asia Pacific,2024-08-17
CUST_024280,Johnson LLC,UNKNOWN,Consumer,United States,Asia Pacific,2024-01-07
CUST_033071,Berry-Smith,UNKNOWN,Enterprise,UNKNOWN,Europe,2024-09-06
CUST_035558,Taylor-Jordan,Technology,Small Business,United Kingdom,North America,2026-03-02
CUST_037190,"Howard, Thomas and Brown",Manufacturing,Mid Market,India,Asia Pacific,2022-12-13
CUST_047150,Kelly-Mitchell,Healthcare,Mid Market,Australia,North America,2024-01-28
CUST_046916,Thomas Group,Energy,Consumer,Canada,North America,2023-03-01
CUST_009802,"Spencer, Taylor and Banks",Retail,Enterprise,Netherlands,North America,2023-11-01
CUST_038801,Quinn LLC,Manufacturing,Consumer,Sweden,Europe,2022-09-19
CUST_024670,Cantrell-Huff,Retail,Mid Market,Sweden,Europe,2024-11-07
CUST_044234,"Acosta, Kramer and Parsons",Energy,Consumer,United States,Asia Pacific,2024-12-22
CUST_031920,Greer PLC,Healthcare,Consumer,France,Asia Pacific,2025-01-14
CUST_007135,Singh-Blevins,Energy,Small Business,Japan,Europe,2025-09-03
CUST_033705,"Johnson, Palmer and Duarte",Finance,Small Business,Japan,Europe,2025-08-15
CUST_029661,"Johnson, Daniels and Cline",Energy,Mid Market,Netherlands,North America,2024-05-24
CUST_017894,Russell-Rasmussen,Automotive,Mid Market,India,Europe,2023-10-24
CUST_022019,"Brown, Nguyen and Hernandez",UNKNOWN,Mid Market,Australia,Europe,2021-03-27
CUST_013539,"Levy, Lopez and Ferguson",UNKNOWN,Consumer,Sweden,North America,2026-02-10
CUST_043119,"Dixon, Fletcher and Lee",Automotive,Consumer,Australia,North America,2022-02-19
CUST_036421,"Hernandez, Bean and Hill",Manufacturing,Consumer,Netherlands,Europe,2025-07-23
CUST_009406,"Porter, Mills and Walker",Energy,Enterprise,United States,Europe,2024-04-09
CUST_013414,West-Brown,Manufacturing,Small Business,Australia,Europe,2026-02-10
CUST_006721,Robertson-Thomas,Technology,Enterprise,Netherlands,Asia Pacific,2025-08-19
CUST_015602,Reyes Inc,Finance,Consumer,Netherlands,Europe,2024-10-11
CUST_044744,"Paul, Garcia and Williams",Retail,Small Business,France,North America,2022-10-27
CUST_031139,Anderson LLC,Logistics,Small Business,Japan,Europe,2025-04-20
CUST_002730,Kennedy-Clark,Energy,UNKNOWN,Sweden,Europe,2022-10-25
CUST_038243,Alexander-Wong,Manufacturing,Consumer,Australia,Asia Pacific,2024-12-29
CUST_029626,"Jensen, Montoya and Aguirre",Logistics,Mid Market,Germany,North America,2021-08-22
CUST_047895,Murray Ltd,Finance,Small Business,Sweden,Europe,2024-09-17
CUST_042091,Moore-Clark,Logistics,Small Business,India,North America,2021-11-12
CUST_036400,Gregory and Sons,Retail,Enterprise,India,Asia Pacific,2022-08-07
CUST_006245,Ramos LLC,Manufacturing,Small Business,France,North America,2022-11-26
CUST_005546,Moran Group,Energy,Enterprise,Sweden,Europe,2025-05-01
CUST_004065,Thompson-Davis,Energy,Mid Market,UNKNOWN,Asia Pacific,2021-02-15
CUST_012852,Brandt and Sons,Healthcare,Mid Market,Sweden,Europe,2025-08-03
CUST_021803,Brown Ltd,Technology,Consumer,Sweden,Asia Pacific,2022-12-17
CUST_041164,Newman-Johnson,Retail,Small Business,Netherlands,North America,2021-09-07
CUST_006233,Tanner Ltd,Logistics,Mid Market,Australia,Europe,2024-08-03
CUST_003863,"Sherman, Huff and Pollard",Automotive,Small Business,Germany,Asia Pacific,2025-07-19
CUST_035095,"Lewis, Conley and Rhodes",Retail,Enterprise,France,Asia Pacific,2021-11-15
CUST_040196,Ballard LLC,Automotive,Small Business,Sweden,Europe,2026-03-07
CUST_039251,"Jimenez, Aguirre and Chen",Energy,Mid Market,Australia,North America,2025-06-13
CUST_006218,"Rogers, Jones and Garner",Technology,Mid Market,United States,Europe,2026-03-03
CUST_036776,Owen-Lee,Technology,Enterprise,Netherlands,Europe,2023-05-22
CUST_042977,Warren-Lin,Energy,Mid Market,Japan,Asia Pacific,2022-10-10
CUST_048468,Pierce-Cooper,Retail,Small Business,Australia,North America,2021-11-12
CUST_014832,"Jimenez, Richmond and Allen",Finance,Small Business,France,North America,2022-10-12
CUST_030093,Merritt Inc,Energy,UNKNOWN,UNKNOWN,Europe,2022-06-03
CUST_008894,Cobb PLC,Energy,Mid Market,Canada,Asia Pacific,2024-03-25
CUST_006021,Thomas PLC,Manufacturing,Consumer,Sweden,Asia Pacific,2023-01-12
CUST_046089,Erickson-Melendez,Retail,Small Business,Sweden,Asia Pacific,2024-11-22
CUST_015243,Hooper-Ware,Automotive,Consumer,Germany,North America,2023-01-28
CUST_045308,Dominguez Ltd,Retail,Consumer,Germany,Asia Pacific,2022-08-19
CUST_026551,"Jackson, Henderson and Lee",Technology,Small Business,Australia,Europe,2026-02-14
CUST_006035,Tucker Group,Finance,Consumer,Sweden,Asia Pacific,2024-01-07
CUST_007906,Choi-Garcia,Automotive,Mid Market,Australia,Asia Pacific,2025-01-17
CUST_032226,"Taylor, Bailey and Martinez",Retail,Mid Market,India,Europe,2023-09-15
CUST_006018,"Lowery, Macdonald and Mcdowell",Logistics,Small Business,Sweden,North America,2024-04-17
CUST_021880,Jenkins-Collier,Manufacturing,Enterprise,UNKNOWN,Asia Pacific,2023-05-21
CUST_002792,Lyons-Gordon,Retail,Enterprise,Australia,North America,2025-07-23
CUST_042606,Diaz LLC,Finance,Consumer,Japan,Asia Pacific,2024-11-13
CUST_005824,Hall LLC,Automotive,Small Business,Germany,North America,2022-03-09
CUST_015388,"Brown, Flores and Reynolds",Energy,Small Business,Canada,Europe,2024-08-01
CUST_029562,Hernandez-Anderson,Technology,Enterprise,United Kingdom,North America,2023-07-13
CUST_039476,Cooper LLC,Manufacturing,Consumer,Germany,North America,2023-01-09
CUST_000293,"Moreno, Bennett and Chavez",Energy,Consumer,Canada,Europe,2021-11-12
CUST_016958,Thomas Ltd,Finance,Consumer,India,Asia Pacific,2026-01-01
CUST_030861,"Williams, Lawson and Gonzales",Technology,Enterprise,Netherlands,Asia Pacific,2023-01-25
CUST_014074,Pollard-Freeman,Retail,Consumer,India,Europe,2024-11-11
CUST_021857,Bowman-Carpenter,Logistics,Enterprise,Netherlands,Europe,2026-02-07
CUST_022080,Osborne-Juarez,Retail,Small Business,France,Europe,2025-11-11
CUST_017024,Rogers Ltd,Logistics,Small Business,France,Asia Pacific,2026-05-02
CUST_008740,Berg-Owens,Retail,Small Business,UNKNOWN,North America,2025-05-21
CUST_015826,"Cochran, Edwards and Ford",Technology,Enterprise,Japan,Europe,2025-01-04
CUST_002742,Robles PLC,Logistics,Mid Market,Australia,North America,2024-07-17
CUST_018049,Johnson-Glass,Manufacturing,Mid Market,Japan,North America,2023-06-15
CUST_049937,Lewis-Rodriguez,Healthcare,Consumer,Sweden,Europe,2026-05-21
CUST_017373,Foster-Thomas,Automotive,Mid Market,France,North America,2023-03-05
CUST_022022,Howard PLC,Technology,Mid Market,Canada,Europe,2023-07-26
CUST_046365,Lucero-Evans,Finance,Consumer,Sweden,Europe,2024-07-23
CUST_023538,Guerrero-Cross,Retail,Consumer,France,Asia Pacific,2024-11-22
CUST_045500,"Harper, Wilkinson and Dixon",Retail,Consumer,Japan,Asia Pacific,2023-07-26
CUST_040186,Moore-Perez,Finance,Mid Market,France,Europe,2023-03-26
CUST_009614,"Leon, Heath and Carpenter",Energy,UNKNOWN,Canada,North America,2025-08-22
CUST_043282,"Davis, Hogan and Wood",Healthcare,Small Business,Germany,North America,2024-12-26
CUST_037892,Gomez-Leonard,Manufacturing,Enterprise,India,Asia Pacific,2022-03-15
CUST_026179,Smith Ltd,Healthcare,Small Business,Netherlands,Europe,2021-09-21
CUST_045893,Hanson and Sons,Finance,Mid Market,United States,North America,2024-07-10
CUST_020934,Jones LLC,Automotive,Enterprise,Australia,Asia Pacific,2025-09-10
CUST_040972,Flores PLC,Retail,Consumer,Japan,Europe,2021-02-14
CUST_022225,Torres-Grant,Manufacturing,Consumer,Japan,Europe,2022-04-23
CUST_024382,Parker LLC,Technology,Small Business,Sweden,Asia Pacific,2022-11-06
CUST_034856,Ferguson Inc,Retail,Consumer,United States,North America,2021-09-13
CUST_048578,Aguilar Inc,UNKNOWN,Small Business,Netherlands,Asia Pacific,2025-07-03
CUST_038537,"Mccullough, Barr and Reyes",Automotive,Enterprise,Japan,Asia Pacific,2025-12-23
CUST_031756,"Cochran, Leonard and Miller",Healthcare,Small Business,Netherlands,Asia Pacific,2024-03-20
CUST_007754,Hunt-Baker,Logistics,Consumer,Sweden,Europe,2025-12-25
CUST_046639,Davis-Wilson,Technology,Mid Market,United Kingdom,Asia Pacific,2021-01-09
CUST_043835,"Waller, Spencer and Owens",Finance,UNKNOWN,France,North America,2023-10-30
CUST_026236,Blanchard-Keith,Healthcare,Consumer,United States,Asia Pacific,2023-11-16
CUST_044230,Williams and Sons,UNKNOWN,Small Business,United Kingdom,North America,2021-01-11
CUST_049597,"Proctor, Mendez and Graham",Automotive,Enterprise,United Kingdom,North America,2021-07-27
CUST_018553,"Walters, Holt and Lester",Automotive,Small Business,India,Europe,2022-04-18
CUST_043137,Gonzales-Fry,Finance,Enterprise,Australia,Asia Pacific,2026-06-07
CUST_036673,"Sparks, Thompson and Allen",Healthcare,Consumer,UNKNOWN,Europe,2022-08-17
CUST_043650,Jones Inc,UNKNOWN,Consumer,Germany,Asia Pacific,2022-05-04
CUST_003941,Deleon-Stuart,Technology,Small Business,United Kingdom,Europe,2021-05-08
CUST_031497,"Arias, Cohen and Gutierrez",UNKNOWN,Mid Market,Canada,Asia Pacific,2021-09-01
CUST_026594,"James, Lawrence and Smith",Technology,UNKNOWN,Australia,Asia Pacific,2022-11-18
CUST_023922,Rivera LLC,Energy,Consumer,Sweden,Asia Pacific,2024-08-25
CUST_026403,Davis-Johnson,Energy,Small Business,Japan,Europe,2023-08-25
CUST_045943,Fuller Group,Manufacturing,Enterprise,United States,North America,2023-07-01
CUST_048526,Willis Ltd,Retail,Consumer,Canada,Europe,2025-06-10
CUST_018316,Smith-Campbell,Energy,Enterprise,Sweden,Europe,2021-02-02
CUST_036894,Garcia Group,Energy,Small Business,Netherlands,Europe,2023-09-18
CUST_026696,Warner and Sons,Finance,Mid Market,Canada,Europe,2025-04-29
CUST_042128,"Lin, Martinez and Knox",Technology,Mid Market,Canada,Asia Pacific,2024-03-08
CUST_014171,Robinson-Singh,Automotive,Mid Market,United Kingdom,North America,2021-08-23
CUST_003733,"Cameron, Fisher and Miller",Finance,Mid Market,Canada,Asia Pacific,2021-11-13
CUST_007882,Thompson Ltd,Manufacturing,Consumer,Canada,Asia Pacific,2022-06-01
CUST_006017,"Clark, Smith and Rogers",Manufacturing,Mid Market,Canada,North America,2024-09-20
CUST_023030,Johnson Ltd,Finance,Small Business,Australia,Europe,2023-12-12
CUST_035474,Garner and Sons,Healthcare,Consumer,Canada,Europe,2024-08-11
CUST_049686,Martin Inc,Energy,Mid Market,Canada,Europe,2021-10-14
CUST_004818,"Miller, Jones and Rogers",Energy,Mid Market,Canada,Asia Pacific,2021-04-15
CUST_041694,Johnson and Sons,Automotive,Mid Market,United States,North America,2025-09-28
CUST_012008,Camacho-Mcgee,Automotive,Mid Market,France,Europe,2021-09-10
CUST_041328,Boyd-Jones,Healthcare,Consumer,India,Asia Pacific,2025-11-15
CUST_009507,Salazar-Page,Energy,Enterprise,Germany,Europe,2024-10-15
CUST_044799,Stewart Ltd,Automotive,Mid Market,United Kingdom,Europe,2024-06-21
CUST_034063,Boyle Inc,Healthcare,Small Business,Netherlands,Asia Pacific,2025-02-09
CUST_027475,Copeland-Rose,Automotive,Consumer,United States,Asia Pacific,2024-12-02
CUST_031144,Jackson and Sons,Automotive,Mid Market,Japan,North America,2026-06-18
CUST_021236,"Haney, Daniel and Parks",Automotive,Mid Market,Japan,Europe,2024-01-25
CUST_001391,Schwartz-Contreras,Manufacturing,Mid Market,Sweden,Europe,2025-03-25
CUST_038250,Williams-Barnett,Energy,Consumer,United States,Europe,2024-02-23
CUST_037625,"Evans, Bridges and Lewis",Retail,Enterprise,Canada,North America,2026-03-14
CUST_042029,Erickson and Sons,Healthcare,Consumer,Australia,North America,2026-05-27
CUST_020835,"Ramos, Hanna and Rodriguez",Logistics,Small Business,United States,Asia Pacific,2023-12-04
CUST_014758,"Moore, Brown and Gilbert",Finance,Small Business,Netherlands,North America,2024-06-11
CUST_026397,Mitchell-Martin,Retail,Small Business,Canada,Europe,2023-07-15
CUST_006809,Hill-Bryan,Logistics,Small Business,Germany,Europe,2022-04-07
CUST_009226,Williams Inc,Healthcare,Mid Market,Sweden,Europe,2022-02-08
CUST_048395,Little-Wang,Manufacturing,Small Business,India,Europe,2021-04-05
CUST_005396,"Simpson, Carr and Watson",Automotive,Small Business,India,Europe,2025-04-16
CUST_006944,Young-Hicks,Healthcare,Mid Market,UNKNOWN,Asia Pacific,2021-09-29
CUST_023871,"Dyer, Murray and Craig",Technology,Small Business,Japan,Europe,2023-05-18
CUST_032493,Edwards-Guerrero,Logistics,Enterprise,United Kingdom,Asia Pacific,2026-01-05
CUST_036346,"Nunez, Campbell and Myers",Logistics,Consumer,France,Europe,2023-07-30
CUST_010756,"Stewart, Brooks and Mcdowell",Energy,Enterprise,Canada,Europe,2025-11-10
CUST_012302,"Sims, Sutton and Torres",Finance,Small Business,Australia,Europe,2025-07-10
CUST_048387,Brown-Garcia,Automotive,UNKNOWN,Canada,Asia Pacific,2024-06-16
CUST_042746,Freeman PLC,Logistics,Enterprise,France,North America,2024-02-17
CUST_029090,Garcia Ltd,Logistics,Small Business,Sweden,Europe,2021-04-25
CUST_044713,Hart-Peterson,Automotive,Small Business,United States,North America,2022-05-28
CUST_014344,"Jenkins, Duncan and York",Finance,Enterprise,Australia,Asia Pacific,2024-12-20
CUST_038173,Hopkins-Mccall,Technology,Consumer,Germany,Europe,2026-05-09
CUST_005072,Clark Group,Finance,Mid Market,India,North America,2025-06-20
CUST_024122,Brandt-Odonnell,Automotive,UNKNOWN,United Kingdom,North America,2021-10-11
CUST_048810,"Nielsen, Hall and Jennings",Energy,Enterprise,India,Europe,2026-02-04
CUST_017821,"Hall, Davis and Stewart",Finance,Small Business,Germany,Asia Pacific,2026-04-15
CUST_001123,"Dean, Lopez and Smith",UNKNOWN,Consumer,United States,North America,2021-04-10
CUST_011265,Dennis and Sons,Retail,Small Business,France,North America,2024-09-05
CUST_030580,Thomas PLC,Automotive,Consumer,United States,North America,2023-10-23
CUST_045465,Thomas PLC,Retail,Enterprise,India,Asia Pacific,2021-05-12
CUST_048217,"Norris, Krause and Rivers",Manufacturing,Small Business,Sweden,Europe,2022-01-23
CUST_043045,Woods-Richardson,Automotive,Small Business,United Kingdom,North America,2025-03-16
CUST_015657,Robinson PLC,UNKNOWN,Small Business,Sweden,North America,2022-01-25
CUST_001901,Cox Inc,Technology,UNKNOWN,France,Europe,2022-12-19
CUST_000148,"Morton, Medina and Webb",Technology,Mid Market,Germany,Asia Pacific,2023-05-24
CUST_029643,Hampton-Green,Energy,Small Business,Sweden,Europe,2024-03-05
CUST_003212,"Christian, Archer and Martinez",Healthcare,Small Business,Sweden,Europe,2024-06-10
CUST_043851,Berry Group,Logistics,Small Business,United Kingdom,Europe,2023-10-07
CUST_002355,"Martin, Graham and Mitchell",Healthcare,Consumer,Netherlands,Asia Pacific,2024-08-16
CUST_031521,"Harris, Mcclure and Carroll",Healthcare,Small Business,Japan,North America,2022-04-23
CUST_042584,Vargas-Anderson,Finance,Consumer,Canada,North America,2025-09-05
CUST_043338,"Kline, Joseph and Roberts",Technology,Small Business,UNKNOWN,Asia Pacific,2022-10-18
CUST_045285,Garrison PLC,Technology,Small Business,Sweden,North America,2024-08-24
CUST_046957,"Wilson, Thomas and Day",Automotive,Mid Market,Japan,Asia Pacific,2021-10-19
CUST_048791,"Montgomery, Rogers and Douglas",Manufacturing,Small Business,Japan,Asia Pacific,2025-04-10
CUST_036586,Johnson-Mills,Healthcare,UNKNOWN,United States,North America,2021-08-07
CUST_010466,"Frazier, Perry and Allen",Energy,Consumer,France,North America,2024-02-05
CUST_007822,Mccormick LLC,Retail,Enterprise,Germany,Asia Pacific,2024-06-09
CUST_007206,Lloyd-Lloyd,Manufacturing,Small Business,Sweden,Europe,2021-08-11
CUST_006414,"Ray, Vaughan and Washington",Automotive,Consumer,United Kingdom,Europe,2022-09-16
CUST_034047,Santiago-Reynolds,Finance,Enterprise,France,Europe,2026-05-17
CUST_012729,"Nelson, Weeks and Robinson",Energy,Enterprise,Germany,Europe,2021-08-28
CUST_006926,"Johnson, Graham and Rose",Manufacturing,Mid Market,Australia,Asia Pacific,2024-12-21
CUST_027996,Wilson and Sons,Logistics,Enterprise,Sweden,Europe,2026-04-26
CUST_037613,Lopez LLC,Energy,Enterprise,United Kingdom,North America,2024-03-25
CUST_039484,Chen-Harris,Technology,Enterprise,Sweden,North America,2022-03-11
CUST_003017,"Sharp, Jackson and Garcia",Automotive,Small Business,India,North America,2022-12-01
CUST_001641,"Stewart, Burnett and Newman",Healthcare,Enterprise,Canada,Europe,2025-05-03
CUST_008884,Martin PLC,Finance,Enterprise,United Kingdom,Asia Pacific,2021-12-29
CUST_037602,Carr-Copeland,Healthcare,Consumer,United Kingdom,Asia Pacific,2026-04-07
CUST_012970,Reese and Sons,Retail,Consumer,Netherlands,Europe,2022-04-18
CUST_023464,Thompson PLC,Healthcare,Mid Market,Germany,Europe,2022-04-25
CUST_015758,"Washington, Grant and Gonzales",Energy,Small Business,United States,North America,2024-03-28
CUST_044077,"Greene, Carey and Williams",Technology,Small Business,Japan,Asia Pacific,2021-01-14
CUST_004087,Velez-Sullivan,Manufacturing,Consumer,United States,Europe,2023-09-23
CUST_000509,Odom PLC,Energy,Small Business,United States,Europe,2022-03-20
CUST_006355,"Jensen, Suarez and Franco",Manufacturing,Consumer,Sweden,Asia Pacific,2022-04-06
CUST_029645,Cruz Ltd,Retail,Small Business,Canada,Asia Pacific,2021-06-08
CUST_020816,Raymond Ltd,Automotive,Small Business,United States,Europe,2023-10-25
CUST_006235,Gregory Inc,Logistics,Mid Market,United States,Asia Pacific,2022-10-06
CUST_031990,Torres-Higgins,Healthcare,Enterprise,Sweden,North America,2025-10-19
CUST_012996,"Waller, Simmons and Cervantes",Automotive,Consumer,France,Europe,2025-04-10
CUST_042502,Peterson-Mack,Logistics,Consumer,France,Asia Pacific,2023-02-27
CUST_038921,Davis-Sawyer,Automotive,Consumer,France,North America,2025-02-05
CUST_000263,"Clark, Robinson and Kane",Technology,Enterprise,Canada,Asia Pacific,2022-10-22
CUST_007892,"Burns, Williams and Brock",Technology,Consumer,Canada,North America,2021-08-10
CUST_010528,Lamb Inc,Healthcare,Small Business,India,Europe,2025-09-02
CUST_018601,Gonzalez-Wong,Energy,Small Business,Sweden,Asia Pacific,2023-04-06
CUST_024115,"Black, Taylor and Delgado",Retail,Consumer,United Kingdom,Europe,2026-05-27
CUST_033499,Jones and Sons,Logistics,Enterprise,UNKNOWN,North America,2025-05-04
CUST_013472,"Bradshaw, Michael and Mills",Manufacturing,Mid Market,Australia,North America,2024-10-23
CUST_031726,Kennedy Ltd,Automotive,Small Business,United States,Asia Pacific,2023-07-14
CUST_023691,Robinson-Long,Automotive,Enterprise,Netherlands,North America,2025-12-26
CUST_010558,"Olson, Wilson and Kim",Technology,Consumer,Canada,Asia Pacific,2024-02-01
CUST_006557,"Cross, Vincent and Meyer",Automotive,Consumer,Netherlands,Europe,2025-05-20
CUST_045578,Hall-Gates,Technology,Enterprise,Japan,Asia Pacific,2023-05-21
CUST_041504,Jackson-Hill,Technology,Enterprise,India,Asia Pacific,2023-10-14
CUST_027873,Mejia-Jackson,Retail,Mid Market,Germany,Asia Pacific,2025-08-11
CUST_010811,Pierce Inc,Finance,Small Business,Netherlands,Europe,2025-05-30
CUST_038215,"Gray, Lane and Young",Manufacturing,Small Business,Netherlands,Europe,2025-04-25
CUST_011731,"Rogers, Osborne and Anderson",Energy,Enterprise,United Kingdom,Europe,2022-06-13
CUST_027439,Garcia Group,Manufacturing,Enterprise,Japan,Europe,2026-01-22
CUST_021780,Barrera-Scott,Automotive,Small Business,United Kingdom,Europe,2022-09-30
CUST_034080,"Rhodes, Davis and Simpson",Retail,Consumer,Germany,North America,2025-09-12
CUST_022916,Cuevas LLC,Logistics,Enterprise,India,Asia Pacific,2026-04-08
CUST_008086,"Rivera, Rodriguez and Johnson",Finance,Mid Market,United Kingdom,Asia Pacific,2024-12-16
CUST_043468,"Warren, West and Evans",Finance,Small Business,Australia,Asia Pacific,2025-02-22
CUST_014710,Harper and Sons,Automotive,Consumer,Japan,Asia Pacific,2022-03-28
CUST_015467,Marquez-Jenkins,Automotive,Enterprise,United States,Asia Pacific,2026-03-06
CUST_037173,"Gentry, Flynn and Dyer",Manufacturing,Consumer,United Kingdom,Europe,2023-10-07
CUST_028749,Jones-Vargas,Retail,UNKNOWN,France,Asia Pacific,2022-06-11
CUST_003105,Johnson-Walker,Retail,Mid Market,Japan,Europe,2024-10-26
CUST_000709,"Davis, Anderson and Wilkins",Healthcare,Enterprise,United Kingdom,North America,2021-05-31
CUST_038386,"Ortiz, Richardson and Lewis",Energy,Consumer,Germany,Europe,2022-09-08
CUST_023445,Hernandez LLC,Logistics,Consumer,India,Europe,2025-05-25
CUST_026511,Smith Group,Retail,Enterprise,Germany,Europe,2025-02-13
CUST_008467,Gordon PLC,Energy,Consumer,Sweden,Asia Pacific,2022-04-19
CUST_006231,Boyd Ltd,Finance,Mid Market,Japan,Europe,2022-02-12
CUST_046359,Chapman and Sons,Manufacturing,Enterprise,Sweden,Europe,2024-04-06
CUST_039358,Robertson PLC,Logistics,Consumer,Canada,Europe,2026-04-04
CUST_016387,Price Group,Manufacturing,Small Business,Japan,Europe,2025-03-13
CUST_034166,"Welch, Moore and Brooks",Healthcare,Enterprise,Japan,Asia Pacific,2024-09-30
CUST_004169,Davis Inc,Logistics,Small Business,UNKNOWN,Asia Pacific,2022-03-07
CUST_005804,"Murray, Johnson and Johnson",Healthcare,Enterprise,Germany,Europe,2025-06-06
CUST_012754,Williams-Lee,Retail,Enterprise,Australia,Europe,2025-02-04
CUST_002190,Campbell-Miller,Manufacturing,Small Business,Netherlands,North America,2023-05-11
CUST_012188,"Duffy, Johnson and Reyes",Healthcare,Enterprise,Germany,North America,2024-05-20
CUST_031728,Torres-Carson,Healthcare,Consumer,France,Asia Pacific,2024-09-30
CUST_019246,Cruz Ltd,Retail,Enterprise,Sweden,Europe,2023-05-26
CUST_037867,Wagner-Lawson,Finance,Consumer,United Kingdom,Asia Pacific,2025-07-02
CUST_043515,Lee PLC,Automotive,Enterprise,France,Europe,2022-02-01
CUST_008719,Ramos Group,Finance,Consumer,Japan,Europe,2024-07-10
CUST_028825,Welch PLC,Automotive,Small Business,Germany,North America,2023-12-16
CUST_024469,Newton LLC,Technology,Enterprise,Australia,Europe,2021-04-22
CUST_048253,Dawson Inc,Technology,Small Business,France,North America,2024-02-13
CUST_007202,"Sanchez, Kelly and Richardson",Retail,Enterprise,Japan,North America,2024-10-25
CUST_009283,Boyd Inc,Healthcare,Consumer,India,Asia Pacific,2022-10-12
CUST_026821,Duarte-Brown,Automotive,Consumer,France,Europe,2023-01-22
CUST_027374,Thomas LLC,Energy,Mid Market,United Kingdom,Asia Pacific,2023-10-28
CUST_022493,Marshall-Graves,Healthcare,Consumer,United Kingdom,Asia Pacific,2024-12-09
CUST_045638,"Velazquez, Thomas and Boone",Energy,Small Business,Japan,Europe,2021-12-20
CUST_045880,Sellers-Kelly,UNKNOWN,Consumer,Germany,North America,2024-10-19
CUST_029340,Campos LLC,Automotive,Small Business,United Kingdom,Europe,2021-04-22
CUST_046548,Miller and Sons,Finance,Consumer,Canada,Asia Pacific,2025-07-20
CUST_010804,Ramos Group,Energy,Mid Market,UNKNOWN,Europe,2023-01-06
CUST_020965,Foster-Kirby,Logistics,Enterprise,Germany,Asia Pacific,2023-10-24
CUST_030033,Yates Inc,Technology,Consumer,Germany,Asia Pacific,2025-11-07
CUST_005223,Davis-Clark,Automotive,Consumer,Sweden,North America,2025-03-29
CUST_000660,May Ltd,UNKNOWN,Mid Market,Australia,Asia Pacific,2021-10-14
CUST_033246,Jacobson-Hart,Finance,Consumer,United States,Asia Pacific,2022-03-29
CUST_005866,Clark-Cox,Energy,Small Business,United States,North America,2023-10-10
CUST_048872,"Trujillo, Cooper and Sullivan",Retail,Small Business,UNKNOWN,Europe,2025-05-18
CUST_022986,Lopez Inc,Healthcare,Enterprise,Japan,North America,2023-03-08
CUST_028881,"Hardin, Wright and Stout",Healthcare,Mid Market,Australia,Europe,2024-11-29
CUST_047088,Brown-Hebert,Healthcare,Small Business,Germany,Asia Pacific,2024-09-02
CUST_026528,Deleon and Sons,Automotive,Consumer,United States,North America,2021-03-12
CUST_009648,Tran-Farmer,UNKNOWN,Consumer,Germany,Asia Pacific,2024-01-23
CUST_049546,Jones PLC,Technology,Consumer,Netherlands,Asia Pacific,2025-09-04
CUST_032375,Barry-Fields,Healthcare,Enterprise,India,North America,2023-03-02
CUST_026159,Clark-Buchanan,Energy,Mid Market,Australia,Europe,2025-04-08
CUST_011712,Rodriguez-Mccarthy,UNKNOWN,Small Business,Canada,Europe,2023-12-23
CUST_027239,Mills Inc,Logistics,Consumer,Australia,Asia Pacific,2021-02-27
CUST_018354,Ward-Ball,Manufacturing,Mid Market,Germany,Asia Pacific,2022-03-25
CUST_049515,Rowland and Sons,Finance,Small Business,Germany,North America,2025-10-10
CUST_021725,Weber-Scott,Retail,UNKNOWN,Sweden,Asia Pacific,2022-10-18
CUST_025925,Berry-Suarez,Logistics,Small Business,Sweden,Asia Pacific,2021-07-13
CUST_041390,Cunningham LLC,Finance,Small Business,United Kingdom,North America,2021-09-20
CUST_004773,Roberts-Smith,Healthcare,Mid Market,United Kingdom,North America,2024-04-28
CUST_035205,Jones Inc,Energy,Consumer,Netherlands,Asia Pacific,2025-09-24
CUST_027879,Martin and Sons,Energy,Consumer,Japan,Asia Pacific,2022-02-06
CUST_005875,"Hooper, Jenkins and Weaver",Technology,Consumer,Netherlands,Europe,2021-04-29
CUST_017805,"Hale, Molina and Sandoval",Logistics,Consumer,Sweden,Asia Pacific,2021-09-17
CUST_034224,Hansen LLC,Finance,Consumer,France,Asia Pacific,2025-11-22
CUST_007842,Petersen-Padilla,Automotive,Enterprise,Netherlands,Europe,2021-02-07
CUST_015923,Hernandez-Lin,Retail,Consumer,India,Europe,2024-07-11
CUST_028367,Atkins Inc,Logistics,Consumer,United Kingdom,Europe,2021-09-23
CUST_012084,Moon LLC,Manufacturing,Small Business,France,North America,2024-06-30
CUST_020034,"Barnett, Reilly and Bell",Technology,Enterprise,France,North America,2022-09-12
CUST_014488,Guzman LLC,Automotive,Mid Market,Germany,North America,2023-08-31
CUST_020819,"Cooke, Newton and Hubbard",Automotive,Mid Market,Netherlands,North America,2026-03-06
CUST_037518,Cox LLC,Energy,Enterprise,Sweden,Asia Pacific,2023-08-17
CUST_044236,"Brandt, Thomas and Williams",Automotive,Enterprise,Germany,Europe,2025-03-15
CUST_048651,"Gordon, Lopez and Howell",Manufacturing,Consumer,Canada,Asia Pacific,2022-12-07
CUST_036236,"King, Carroll and Cummings",Healthcare,Mid Market,Germany,Europe,2022-08-03
CUST_021070,Knox-Wright,Logistics,Mid Market,Sweden,Asia Pacific,2025-01-08
CUST_009524,Clayton and Sons,Logistics,Small Business,Australia,Asia Pacific,2023-08-28
CUST_032756,Robinson LLC,Finance,Mid Market,France,Europe,2024-11-08
CUST_012054,Jones-Lopez,UNKNOWN,Small Business,Japan,Europe,2021-03-09
CUST_023594,Morales PLC,Energy,Enterprise,Australia,North America,2023-05-29
CUST_008038,Marsh-Thompson,Healthcare,Enterprise,United Kingdom,Europe,2021-05-04
CUST_046977,"Bond, Watson and Burgess",Technology,Enterprise,UNKNOWN,North America,2023-06-22
CUST_016400,Hall Ltd,Technology,Consumer,United Kingdom,Asia Pacific,2026-03-23
CUST_045786,Rodgers and Sons,Automotive,Enterprise,Germany,North America,2024-12-20
CUST_034616,Mccarty PLC,Manufacturing,Small Business,Australia,Asia Pacific,2022-05-31
CUST_007625,"Bailey, French and Mitchell",Automotive,Enterprise,Sweden,Asia Pacific,2022-12-28
CUST_013662,Morton PLC,Retail,Small Business,Germany,Asia Pacific,2022-03-26
CUST_037737,"Quinn, Miller and Anderson",Healthcare,Consumer,Sweden,North America,2022-04-14
CUST_026542,Smith PLC,Energy,Enterprise,France,North America,2022-09-01
CUST_013268,Elliott-Andrews,Retail,Consumer,Australia,North America,2021-02-24
CUST_018083,"Lopez, Cox and Carter",Energy,Consumer,Germany,Asia Pacific,2024-01-16
CUST_048086,"Lambert, Rodgers and Ellison",Energy,Enterprise,UNKNOWN,Asia Pacific,2023-02-11
CUST_042768,"Hale, Ford and Morales",Logistics,UNKNOWN,United Kingdom,North America,2025-12-25
CUST_004071,"Smith, Galvan and Baldwin",Technology,Enterprise,UNKNOWN,North America,2024-02-16
CUST_016287,Cowan-Martin,Manufacturing,Mid Market,Sweden,Europe,2024-08-17
CUST_001119,"Duran, Kent and Aguirre",Energy,Enterprise,France,Europe,2024-10-05
CUST_010075,Flores Ltd,Retail,Small Business,Australia,North America,2025-05-14
CUST_011374,"Burgess, Levy and Ochoa",Technology,Consumer,United States,North America,2021-06-27
CUST_032685,"Palmer, Joseph and White",UNKNOWN,Consumer,Japan,North America,2021-09-18
CUST_046434,Robinson-Cortez,Finance,Enterprise,United States,North America,2022-12-25
CUST_025350,Lynch-Clark,Manufacturing,Consumer,Sweden,Asia Pacific,2023-11-17
CUST_006716,Wilson LLC,Energy,Consumer,India,North America,2026-01-25
CUST_034568,Greene-Sullivan,Healthcare,Mid Market,Canada,Europe,2024-04-17
CUST_001031,"Mills, Meyer and Brooks",Logistics,Mid Market,Germany,Asia Pacific,2022-02-17
CUST_022754,"Johnson, Fischer and Marshall",Automotive,Consumer,United States,Europe,2026-01-11
CUST_011762,Wilkerson-Delacruz,UNKNOWN,Enterprise,Germany,North America,2022-11-19
CUST_035897,Davis-Phillips,Retail,Mid Market,Sweden,Asia Pacific,2021-03-16
CUST_014493,Mitchell-Rodriguez,Energy,Small Business,Canada,Asia Pacific,2026-05-02
CUST_025086,"Hood, Quinn and Farley",Healthcare,Mid Market,Australia,Europe,2026-03-29
CUST_020396,Welch Group,Automotive,Enterprise,India,North America,2024-01-26
CUST_004814,Peters-Joseph,Manufacturing,Consumer,Netherlands,North America,2022-10-07
CUST_008995,Green-Cardenas,Finance,Small Business,India,North America,2022-02-08
CUST_049692,"Bell, Perez and Brown",Finance,Mid Market,Netherlands,Asia Pacific,2024-09-22
CUST_021375,Gallagher-Cox,Retail,Enterprise,France,North America,2023-05-05
CUST_030243,Jones-Ortiz,Retail,Consumer,Netherlands,North America,2025-05-22
CUST_047579,Austin Group,Energy,Enterprise,France,Europe,2025-01-06
CUST_001165,Garcia and Sons,Finance,Consumer,Australia,Asia Pacific,2023-12-03
CUST_024811,Scott-Hernandez,Automotive,Small Business,Australia,Asia Pacific,2021-01-31
CUST_021110,"Morales, Marsh and Jackson",Automotive,Enterprise,United Kingdom,Asia Pacific,2024-03-22
CUST_003698,Robinson-Fry,Energy,Mid Market,United States,Asia Pacific,2023-10-20
CUST_011439,"Poole, Nguyen and Palmer",Automotive,Enterprise,UNKNOWN,North America,2022-02-05
CUST_004470,Fowler Ltd,Energy,Small Business,Netherlands,Asia Pacific,2022-09-17
CUST_009808,Mcguire Group,Energy,Mid Market,Australia,Europe,2021-05-03
CUST_047768,Ruiz-Wells,Retail,Small Business,India,Asia Pacific,2022-05-18
CUST_006749,"Trevino, Willis and Haynes",Energy,Consumer,Sweden,Asia Pacific,2026-05-27
CUST_049185,Golden Ltd,Retail,Consumer,Australia,Asia Pacific,2021-09-12
CUST_017379,"Long, Howell and Davis",Retail,Mid Market,UNKNOWN,Europe,2025-02-19
CUST_036885,Perez LLC,Energy,Mid Market,UNKNOWN,North America,2026-06-08
CUST_013357,Collins LLC,Energy,Consumer,India,Europe,2025-07-20
CUST_032405,Edwards-Hendrix,Automotive,Consumer,Canada,Asia Pacific,2024-10-25
CUST_042455,Campbell-Mcdowell,Automotive,Consumer,France,Asia Pacific,2023-03-30
CUST_046066,"Pierce, Crosby and Lee",Energy,Mid Market,India,Asia Pacific,2024-08-08
CUST_011539,"Garcia, Perry and Murphy",Technology,Enterprise,Sweden,Asia Pacific,2022-07-26
CUST_002009,Christensen-Perez,Healthcare,Enterprise,India,Asia Pacific,2025-01-10
CUST_003222,"Clark, Bradley and Jackson",Manufacturing,Enterprise,Japan,North America,2026-05-28
CUST_044997,Phillips-Li,Automotive,Enterprise,Canada,North America,2021-06-29
CUST_018763,Preston-Garcia,Healthcare,UNKNOWN,France,North America,2021-10-18
CUST_014166,"Peters, Hutchinson and Wells",Energy,Enterprise,Netherlands,Asia Pacific,2023-09-12
CUST_040684,Rivera LLC,Healthcare,Mid Market,United Kingdom,Europe,2024-05-09
CUST_025081,Farrell-Schwartz,Energy,Small Business,India,North America,2023-03-22
CUST_001823,Mendez LLC,Energy,Consumer,Australia,Asia Pacific,2021-12-31
CUST_044662,Williams PLC,Automotive,Consumer,France,Asia Pacific,2021-12-23
CUST_006849,Walker PLC,UNKNOWN,Consumer,India,Asia Pacific,2022-04-09
CUST_012636,Flores LLC,Energy,Mid Market,Australia,North America,2024-10-14
CUST_037669,"Hamilton, Byrd and Kramer",Logistics,Small Business,India,Europe,2025-09-08
CUST_006096,"Russell, Diaz and Osborne",Logistics,Mid Market,Sweden,Europe,2021-10-12
CUST_039249,Silva Ltd,Energy,Consumer,Canada,North America,2021-10-13
CUST_010578,"Miller, Hayes and Anderson",Finance,Small Business,UNKNOWN,North America,2021-11-01
CUST_031075,Cooper-Holmes,Manufacturing,Consumer,Canada,Europe,2023-10-08
CUST_029113,"Morris, Vargas and Jenkins",Logistics,Enterprise,United Kingdom,Europe,2021-10-29
CUST_010193,Burton Ltd,Logistics,Enterprise,Japan,Europe,2024-09-01
CUST_000315,"Wolf, Cole and Glass",Energy,UNKNOWN,Sweden,North America,2024-02-07
CUST_011450,Chandler-Rodriguez,Energy,Consumer,Sweden,North America,2025-09-02
CUST_030746,Hampton Inc,Logistics,Consumer,UNKNOWN,Europe,2023-03-17
CUST_029703,"Park, Santos and Meyers",Manufacturing,Mid Market,Australia,Europe,2024-09-30
CUST_027659,Scott-Macdonald,Logistics,UNKNOWN,Sweden,North America,2026-04-10
CUST_023686,Munoz-Schneider,Healthcare,UNKNOWN,Canada,Europe,2023-08-29
CUST_028376,"Brown, Brown and Lee",Retail,Enterprise,United States,Europe,2021-10-27
CUST_003086,Beltran-Wright,Manufacturing,Small Business,France,North America,2023-06-14
CUST_049372,Gonzales Ltd,Finance,Small Business,Netherlands,Europe,2022-02-05
CUST_003752,Murray-Maldonado,Manufacturing,Consumer,France,Asia Pacific,2026-06-15
CUST_005049,Holder-Beltran,Retail,Mid Market,Sweden,Asia Pacific,2021-09-09
CUST_029187,Thompson and Sons,Logistics,Enterprise,France,Europe,2023-03-13
CUST_030709,Bennett Group,Logistics,Small Business,United States,North America,2026-04-04
CUST_020147,Phelps Ltd,Logistics,Consumer,Japan,North America,2022-11-09
CUST_032250,Williams and Sons,Logistics,Enterprise,Germany,Asia Pacific,2024-05-10
CUST_004970,Holder-Warner,Technology,Consumer,Australia,Asia Pacific,2025-01-09
CUST_030526,Beck-Moran,Automotive,Enterprise,Sweden,Europe,2022-02-12
CUST_018495,Rodriguez-Kelley,Energy,Consumer,Germany,North America,2026-05-26
CUST_038065,Davis LLC,Automotive,Enterprise,Germany,Europe,2025-09-23
CUST_041837,Zavala-Cain,Logistics,Mid Market,United Kingdom,North America,2022-01-18
CUST_032753,Mcbride LLC,Healthcare,Enterprise,United Kingdom,North America,2022-01-16
CUST_020074,"Wolfe, Harris and Blake",Retail,Enterprise,Australia,Europe,2024-09-21
CUST_026274,"Brown, Whitaker and Andrews",Healthcare,Consumer,United Kingdom,Asia Pacific,2023-11-28
CUST_013650,Young Group,Manufacturing,Mid Market,Germany,Asia Pacific,2023-06-06
CUST_025534,"Douglas, Rodriguez and Gentry",Automotive,UNKNOWN,Japan,Asia Pacific,2024-01-15
CUST_017522,Lane PLC,Manufacturing,Enterprise,Canada,Asia Pacific,2022-05-10
CUST_025481,"Shaw, Rodriguez and Gill",Energy,Enterprise,United States,Asia Pacific,2023-07-04
CUST_048235,"Ramirez, Diaz and Bowman",Energy,Enterprise,Japan,Asia Pacific,2023-03-19
CUST_048788,Young-Scott,Healthcare,Mid Market,Australia,Europe,2022-05-17
CUST_032390,"Smith, Gibson and Adams",Manufacturing,Consumer,India,Asia Pacific,2022-12-07
CUST_005087,Anderson and Sons,Finance,Small Business,Sweden,North America,2024-09-19
CUST_017253,Benitez and Sons,UNKNOWN,Enterprise,United States,North America,2022-08-06
CUST_004040,"Dyer, Stone and Hunter",Retail,Consumer,Sweden,Asia Pacific,2024-02-16
CUST_018387,Richardson LLC,Finance,Enterprise,Germany,Asia Pacific,2021-06-24
CUST_004247,Adams and Sons,Manufacturing,Small Business,Japan,Europe,2022-10-27
CUST_018628,Rodriguez Inc,Technology,Enterprise,United States,Asia Pacific,2022-01-31
CUST_000880,Smith and Sons,Automotive,Small Business,India,Asia Pacific,2024-08-23
CUST_023299,"Ross, Gonzalez and Jones",Energy,Small Business,India,Asia Pacific,2024-05-29
CUST_029753,"Mccarthy, White and Reyes",Retail,Small Business,UNKNOWN,North America,2022-03-27
CUST_030173,"Case, Davis and Wood",Logistics,Enterprise,Germany,North America,2021-08-20
CUST_028560,Zhang and Sons,Energy,Small Business,Canada,North America,2024-03-23
CUST_018864,"Floyd, Wilson and Wood",Technology,Small Business,India,Europe,2022-10-08
CUST_043344,"Frost, Shelton and Lee",Retail,Mid Market,France,Europe,2021-07-14
CUST_034211,Jensen-Hughes,Finance,Enterprise,United States,Europe,2025-01-18
CUST_026084,Gonzalez Inc,Retail,Consumer,Australia,Europe,2021-07-26
CUST_001942,Taylor-Russo,Finance,Consumer,India,Asia Pacific,2022-09-05
CUST_022226,Hensley-Murray,Retail,UNKNOWN,Canada,North America,2023-10-18
CUST_044692,Barnett PLC,Manufacturing,UNKNOWN,India,Europe,2024-06-05
CUST_043240,"Thompson, Gomez and Smith",Energy,Mid Market,France,Europe,2025-09-13
CUST_023860,Ortiz-Patel,Healthcare,Consumer,United States,North America,2025-02-02
CUST_014159,Johnson LLC,Energy,Mid Market,Canada,Europe,2022-11-17
CUST_033876,"Olson, Andersen and Nelson",UNKNOWN,Consumer,France,Europe,2021-08-10
CUST_048105,Parker Inc,Logistics,Mid Market,India,Asia Pacific,2025-01-16
CUST_023450,"Roy, Peterson and Bryan",Manufacturing,Consumer,Sweden,North America,2021-08-30
CUST_006624,Walker-Cannon,Automotive,Mid Market,India,Europe,2023-12-14
CUST_038265,Smith-Ramos,UNKNOWN,Small Business,UNKNOWN,Europe,2026-04-28
CUST_026242,"Dunn, Carter and Anderson",Automotive,UNKNOWN,India,North America,2026-02-25
CUST_047592,Aguilar LLC,Automotive,Consumer,Netherlands,North America,2022-12-15
CUST_024156,Johnson-Short,Energy,Mid Market,India,North America,2025-05-12
CUST_032059,Wiley PLC,Energy,Enterprise,Netherlands,North America,2026-03-05
CUST_009332,"Mitchell, Gibson and Waters",Manufacturing,Enterprise,India,Europe,2024-08-30
CUST_043565,Hall LLC,UNKNOWN,Small Business,Germany,Asia Pacific,2022-11-26
CUST_003494,Edwards Group,Technology,Enterprise,United Kingdom,North America,2022-07-04
CUST_004879,Vaughn LLC,Healthcare,Consumer,United Kingdom,Asia Pacific,2025-07-16
CUST_047063,Rice Group,Technology,Mid Market,Japan,Europe,2024-10-08
CUST_000999,Brown LLC,Finance,Small Business,United Kingdom,North America,2022-04-15
CUST_037087,Tyler-Massey,Finance,Consumer,Germany,Asia Pacific,2021-11-13
CUST_036438,Frederick and Sons,Manufacturing,Enterprise,United Kingdom,Asia Pacific,2023-12-18
CUST_034750,"Richardson, Graves and Ashley",Finance,Consumer,Germany,Europe,2023-04-14
CUST_028617,Richardson-Crawford,Automotive,Enterprise,France,North America,2024-04-23
CUST_037096,"Welch, Gonzalez and Warner",Finance,Enterprise,Canada,Europe,2026-03-05
CUST_022811,Gonzalez-Hill,Finance,Consumer,Japan,Asia Pacific,2026-06-28
CUST_007143,Lang-Ferguson,Retail,Mid Market,Netherlands,Asia Pacific,2025-05-19
CUST_021559,Brooks Group,Finance,Mid Market,United States,Asia Pacific,2023-11-18
CUST_009936,"Riley, Thomas and Arroyo",Energy,Small Business,Canada,Europe,2023-08-22
CUST_004789,Irwin-Ortega,Finance,Small Business,Sweden,North America,2025-12-05
CUST_030511,"Martin, Franklin and Morris",Retail,Enterprise,India,Europe,2024-02-15
CUST_031190,"Rodriguez, Mclaughlin and Owens",Technology,Mid Market,Germany,Asia Pacific,2023-04-05
CUST_020084,Ruiz-Ellis,Manufacturing,Mid Market,United States,Asia Pacific,2024-02-21
CUST_010824,Cole-Smith,Finance,Enterprise,Australia,North America,2022-03-28
CUST_000673,Payne-Thompson,Technology,Small Business,France,North America,2023-08-03
CUST_015595,Hill Ltd,Energy,Small Business,India,Europe,2026-06-16
CUST_043049,Martin-Charles,Automotive,Enterprise,Germany,Asia Pacific,2021-10-22
CUST_021912,Bean PLC,Logistics,Consumer,France,North America,2024-06-15
CUST_011869,"Brooks, Wilson and Riddle",Finance,Mid Market,Australia,Europe,2021-08-31
CUST_034691,Ibarra-Moore,Logistics,UNKNOWN,UNKNOWN,North America,2022-02-06
CUST_011322,Cardenas-Salinas,Finance,Small Business,United States,Europe,2024-07-17
CUST_044212,"Rowland, Allen and Johnson",Technology,Mid Market,Australia,Asia Pacific,2023-08-01
CUST_024615,Castro-Wright,Automotive,Small Business,India,North America,2024-11-26
CUST_012006,"Schaefer, Preston and Moore",Technology,Small Business,France,Europe,2026-02-12
CUST_003940,Johnson PLC,Healthcare,Mid Market,Sweden,Asia Pacific,2023-06-26
CUST_004614,Johnson Inc,UNKNOWN,Small Business,Canada,Asia Pacific,2021-03-28
CUST_036760,"Russell, Jones and Harris",Logistics,Mid Market,France,Europe,2025-08-19
CUST_031459,Johnson Ltd,Finance,UNKNOWN,Japan,Asia Pacific,2022-09-19
CUST_044953,"Evans, Haynes and Miller",Retail,Enterprise,India,North America,2021-11-27
CUST_004348,Sullivan LLC,Manufacturing,Small Business,Japan,Asia Pacific,2026-05-18
CUST_039328,"Walker, Garza and Howell",Energy,Small Business,United States,Asia Pacific,2025-10-29
CUST_049923,Meyers Ltd,Retail,Mid Market,Japan,North America,2024-10-03
CUST_022394,Daniels Group,Healthcare,Consumer,France,North America,2022-10-11
CUST_003157,"Hart, Park and Boyd",UNKNOWN,Small Business,Germany,North America,2025-02-27
CUST_029918,"Harrison, Carlson and Smith",Healthcare,Small Business,France,North America,2022-05-25
CUST_037224,"Huang, Baker and Sanchez",Manufacturing,Enterprise,France,North America,2023-03-13
CUST_013479,Thompson LLC,Finance,Enterprise,UNKNOWN,Europe,2025-06-01
CUST_013872,Cross-Mora,UNKNOWN,Small Business,Netherlands,Asia Pacific,2024-05-21
CUST_038556,Sims-Santiago,Retail,UNKNOWN,United Kingdom,North America,2024-05-30
CUST_025330,"Bell, Watson and Fleming",UNKNOWN,Enterprise,Japan,Asia Pacific,2021-04-27
CUST_044685,Houston Group,Technology,Enterprise,Sweden,Asia Pacific,2024-12-28
CUST_000986,"Rivera, Castillo and Griffin",Finance,Small Business,Sweden,North America,2025-04-04
CUST_037140,Berry-Sparks,Technology,Enterprise,Germany,Asia Pacific,2024-03-25
CUST_035034,Miller LLC,Retail,Mid Market,United Kingdom,Asia Pacific,2021-05-16
CUST_023731,Silva-Brady,Finance,Small Business,India,Europe,2024-01-01
CUST_007531,"Bell, Hernandez and Davies",Automotive,Enterprise,Netherlands,Asia Pacific,2025-06-21
CUST_044395,"Harris, Ramirez and King",Healthcare,Mid Market,France,Asia Pacific,2021-10-04
CUST_032949,"Reyes, Haley and Henderson",Manufacturing,Consumer,India,Europe,2025-01-06
CUST_030878,Blevins LLC,Technology,Consumer,United Kingdom,North America,2024-08-14
CUST_029931,"Torres, Rodriguez and Bell",Technology,Small Business,Germany,Asia Pacific,2023-06-14
CUST_023416,Armstrong-Wong,Healthcare,Mid Market,Australia,North America,2025-12-06
CUST_006060,"Bradshaw, Martinez and Bowen",Automotive,Consumer,Sweden,Asia Pacific,2021-01-16
CUST_023680,Gilbert-Hill,Technology,Small Business,Australia,Europe,2021-01-28
CUST_015941,"Wheeler, Mitchell and Quinn",Technology,Consumer,Japan,North America,2021-10-10
CUST_006949,Vasquez Ltd,Technology,Consumer,Sweden,Asia Pacific,2022-07-12
CUST_030096,"Allen, Graham and Ryan",Manufacturing,Mid Market,Japan,Europe,2022-07-21
CUST_041340,Garcia Ltd,Healthcare,Mid Market,United Kingdom,North America,2024-08-28
CUST_049599,Goodwin-Simmons,Technology,Small Business,Sweden,Asia Pacific,2022-07-06
CUST_033184,Gomez-Howard,Energy,Mid Market,Sweden,Asia Pacific,2023-02-05
CUST_016581,Schwartz LLC,Healthcare,Enterprise,Germany,Europe,2022-05-24
CUST_001389,Dominguez LLC,Retail,Enterprise,United Kingdom,Asia Pacific,2022-08-14
CUST_021351,Rush-Terry,Logistics,Small Business,India,Europe,2021-02-05
CUST_049751,Williams-Mccoy,UNKNOWN,Small Business,United Kingdom,Asia Pacific,2023-12-08
CUST_034432,Woodward-Williams,Logistics,Small Business,India,North America,2021-04-26
CUST_024455,Walker PLC,Finance,Small Business,United States,Europe,2021-07-13
CUST_040360,Ali PLC,Automotive,Mid Market,Sweden,North America,2025-08-21
CUST_018578,Walker and Sons,Retail,Small Business,UNKNOWN,North America,2021-05-24
CUST_033452,"Williamson, Calhoun and Green",Retail,Small Business,France,North America,2021-05-23
CUST_047853,"Keller, Hawkins and Reed",Logistics,Mid Market,United Kingdom,Europe,2025-09-04
CUST_000005,Cole LLC,Energy,Enterprise,Canada,Europe,2025-06-12
CUST_029183,"Lopez, Carr and Thomas",Energy,Small Business,UNKNOWN,Europe,2025-09-17
CUST_008231,"Morgan, Leon and Cameron",Retail,Consumer,United Kingdom,Asia Pacific,2021-04-14
CUST_005947,Baldwin-Rhodes,Retail,Small Business,Japan,Europe,2024-11-05
CUST_007823,"Davis, Norris and Barber",Manufacturing,Consumer,France,Asia Pacific,2024-03-08
CUST_019487,"Little, Moyer and King",Manufacturing,Consumer,Japan,Europe,2022-12-13
CUST_015385,Daniels LLC,Logistics,Small Business,United States,Europe,2022-08-03
CUST_041100,Diaz LLC,Energy,Small Business,United States,North America,2022-12-07
CUST_018184,Meyer Inc,Automotive,Small Business,Sweden,Asia Pacific,2024-12-12
CUST_027162,Ochoa and Sons,Retail,Small Business,Japan,Europe,2021-07-26
CUST_011646,Ward-Miller,Automotive,Enterprise,Germany,Asia Pacific,2024-08-27
CUST_024391,Boyd PLC,Technology,Mid Market,France,North America,2026-02-25
CUST_004851,Colon-Wu,Technology,Enterprise,Canada,Europe,2022-10-22
CUST_047436,Armstrong Group,Healthcare,Enterprise,India,North America,2024-05-22
CUST_042207,Wade-Cole,Retail,Small Business,Netherlands,Europe,2022-12-14
CUST_045341,Gallagher and Sons,Technology,Small Business,Australia,Europe,2024-07-10
CUST_028170,"Montgomery, Wheeler and Harding",Healthcare,Consumer,United Kingdom,North America,2023-08-02
CUST_003420,Parsons-Roman,Logistics,Mid Market,United Kingdom,North America,2025-12-22
CUST_042591,Thomas-Torres,Finance,Mid Market,Germany,North America,2026-02-11
CUST_038735,"Morgan, Davis and Rodriguez",Finance,Enterprise,Sweden,Asia Pacific,2025-07-28
CUST_036720,Rodgers-Bryant,Energy,UNKNOWN,Australia,North America,2023-05-05
CUST_029498,"Gordon, Davis and Solis",UNKNOWN,Enterprise,United Kingdom,North America,2025-06-19
CUST_004363,Brown-Park,UNKNOWN,Enterprise,Germany,Europe,2021-12-04
CUST_004029,Mcmahon PLC,Retail,Consumer,Sweden,Asia Pacific,2022-10-30
CUST_003427,Jones-Miller,Logistics,Small Business,Japan,North America,2025-10-27
CUST_020269,Herman and Sons,Retail,Mid Market,United States,Europe,2026-01-19
CUST_020058,Cortez-Mendoza,Retail,Consumer,Sweden,Asia Pacific,2025-01-23
CUST_011479,Aguilar-Hendricks,Manufacturing,Consumer,Germany,Asia Pacific,2026-01-06
CUST_047945,Rios-Hicks,Technology,Enterprise,France,North America,2022-10-23
CUST_029393,"Pena, Cowan and Myers",Logistics,Small Business,Netherlands,Europe,2023-04-18
CUST_029047,Robinson-Yates,Automotive,Enterprise,United Kingdom,North America,2023-06-09
CUST_008565,Dennis Group,Retail,Mid Market,Germany,North America,2021-09-15
CUST_039507,Cole-Fernandez,Automotive,Mid Market,India,Asia Pacific,2023-02-13
CUST_049805,Reese-Lopez,Healthcare,Enterprise,India,Asia Pacific,2021-07-01
CUST_025450,Rivera-Walker,Retail,Enterprise,Australia,Asia Pacific,2021-01-20
CUST_034922,King and Sons,Manufacturing,Enterprise,India,Asia Pacific,2023-07-13
CUST_030478,Smith Ltd,Retail,Consumer,United Kingdom,North America,2025-07-02
CUST_013520,Romero Inc,Automotive,Small Business,United States,Europe,2025-03-17
CUST_034008,Butler Ltd,Energy,Mid Market,India,Europe,2026-01-25
CUST_021316,Deleon-Hill,Logistics,UNKNOWN,India,Europe,2023-10-07
CUST_042425,Reynolds-Hunt,Retail,Enterprise,Netherlands,North America,2023-09-14
CUST_048901,"Dixon, Conner and Reyes",Healthcare,Enterprise,Germany,Europe,2022-09-17
CUST_047633,Davies-Baker,Manufacturing,UNKNOWN,Germany,Europe,2025-07-09
CUST_049789,"Parks, Weber and Fisher",Manufacturing,Mid Market,United States,Europe,2026-02-15
CUST_044232,Buchanan-Griffin,UNKNOWN,Small Business,United Kingdom,North America,2021-01-16
CUST_010724,Kelly Group,Automotive,Enterprise,United Kingdom,North America,2022-10-07
CUST_013155,"Patterson, Burns and Floyd",Energy,Mid Market,Australia,North America,2021-08-11
CUST_013763,Cline LLC,UNKNOWN,Enterprise,Germany,Europe,2021-04-28
CUST_042812,Brown-Mcfarland,Automotive,Consumer,United Kingdom,Asia Pacific,2025-09-01
CUST_030804,Snyder-Chen,Retail,Small Business,Netherlands,Asia Pacific,2021-09-18
CUST_036261,"Rose, Roman and Adams",Technology,Mid Market,India,Europe,2026-02-17
CUST_021437,Edwards LLC,Energy,Consumer,UNKNOWN,Asia Pacific,2023-12-02
CUST_025971,"Smith, Parks and Chavez",Energy,Enterprise,France,Asia Pacific,2024-08-20
CUST_032204,"Porter, Grimes and Phillips",Retail,Enterprise,Australia,Europe,2021-11-17
CUST_007181,"Green, Peterson and Pearson",Finance,Mid Market,France,Europe,2023-10-31
CUST_041281,Anderson PLC,Healthcare,Small Business,United Kingdom,North America,2021-10-14
CUST_028087,Adams Ltd,Manufacturing,Mid Market,United Kingdom,Asia Pacific,2022-08-23
CUST_013702,"West, Wolfe and Miller",Manufacturing,Small Business,United States,Asia Pacific,2024-02-13
CUST_001004,Bennett Group,UNKNOWN,Consumer,Sweden,North America,2023-01-03
CUST_009059,"Benton, Williams and Dorsey",Technology,Small Business,Australia,Asia Pacific,2022-08-24
CUST_044235,Farrell-Romero,Healthcare,Mid Market,France,Asia Pacific,2022-08-07
CUST_025675,Watkins Group,Automotive,Mid Market,United Kingdom,Asia Pacific,2023-04-12
CUST_045056,Simpson LLC,Finance,Enterprise,France,North America,2025-11-28
CUST_035144,Morris Inc,Finance,Enterprise,United Kingdom,Asia Pacific,2021-08-22
CUST_038163,Thomas Group,Retail,Consumer,India,Asia Pacific,2025-02-28
CUST_022477,Arias-Armstrong,Automotive,Consumer,France,Asia Pacific,2023-02-27
CUST_023007,"Garcia, Johnson and Reid",Technology,Small Business,Netherlands,Europe,2022-01-29
CUST_045344,"Phillips, Weiss and Kim",Healthcare,Consumer,Japan,Europe,2026-03-07
CUST_036128,Kelley-Cross,Technology,Enterprise,United Kingdom,Europe,2021-03-20
CUST_049710,Elliott Inc,Technology,Mid Market,Australia,Asia Pacific,2026-05-17
CUST_013099,"Cook, Yates and Becker",Technology,Small Business,Netherlands,Asia Pacific,2024-03-17
CUST_037196,Evans-Allen,UNKNOWN,Small Business,United States,North America,2024-12-05
CUST_004108,"Lara, Waters and Lawson",Healthcare,UNKNOWN,United Kingdom,Europe,2021-11-11
CUST_041336,Jackson-Turner,Logistics,Enterprise,Australia,Europe,2022-02-19
CUST_025223,West Group,Retail,Mid Market,UNKNOWN,North America,2024-11-20
CUST_035840,Mccall Ltd,UNKNOWN,Small Business,Sweden,Asia Pacific,2021-01-27
CUST_029719,Arroyo LLC,Healthcare,Enterprise,United States,Asia Pacific,2021-08-20
CUST_046953,Holder Group,Automotive,Small Business,Sweden,Asia Pacific,2023-09-11
CUST_029828,Davis Inc,Automotive,Small Business,Japan,Europe,2025-08-28
CUST_017543,"Mcdonald, Stewart and Fuentes",Manufacturing,Small Business,India,North America,2026-02-08
CUST_024916,"Young, Day and Ayers",Automotive,Mid Market,United States,Asia Pacific,2021-12-14
CUST_004514,"Barrett, Williams and Johnson",Retail,Small Business,France,Asia Pacific,2021-11-01
CUST_019937,Zimmerman-Deleon,Energy,Small Business,Sweden,Europe,2025-12-12
CUST_046525,Johnson-Novak,Energy,Consumer,Japan,Asia Pacific,2023-04-24
CUST_024511,"Figueroa, Francis and Hernandez",Retail,Enterprise,Sweden,North America,2025-06-17
CUST_027442,Chang Inc,Finance,Enterprise,India,North America,2021-06-30
CUST_012002,Rogers-Montoya,Technology,Enterprise,United Kingdom,North America,2024-11-12
CUST_023354,Cox-Williams,Manufacturing,UNKNOWN,United Kingdom,Europe,2022-02-08
CUST_027293,Lin-Davis,Logistics,UNKNOWN,Sweden,North America,2021-11-07
CUST_034204,Williams Ltd,Energy,Enterprise,Canada,North America,2021-07-24
CUST_012148,Hunter and Sons,UNKNOWN,Enterprise,UNKNOWN,Asia Pacific,2025-07-31
CUST_015292,Ramsey LLC,Manufacturing,Small Business,India,Europe,2022-12-13
CUST_046880,"White, Liu and Trevino",Finance,Small Business,United States,Europe,2025-03-27
CUST_008691,"Ball, Smith and Kane",Energy,Enterprise,Sweden,North America,2026-02-15
CUST_012654,Mack and Sons,Healthcare,Small Business,Netherlands,North America,2023-07-27
CUST_031470,Harris-Burton,Finance,Small Business,Netherlands,Europe,2025-07-03
CUST_002955,"Scott, Wall and Johnson",Automotive,Consumer,United States,Asia Pacific,2023-05-08
CUST_003004,Bautista-Pearson,Technology,Enterprise,Sweden,Europe,2022-04-06
CUST_015814,Charles PLC,Energy,Small Business,United Kingdom,North America,2026-05-26
CUST_006657,Sanders Ltd,Logistics,Small Business,Germany,North America,2021-11-10
CUST_012774,Spears PLC,Automotive,Consumer,Japan,Asia Pacific,2023-06-25
CUST_039531,Strickland-Lopez,Healthcare,Small Business,Australia,Asia Pacific,2025-01-05
CUST_034408,"Castro, Mathis and Taylor",Healthcare,Small Business,Netherlands,Europe,2023-07-14
CUST_008837,Murphy-Martin,Technology,Mid Market,United Kingdom,Asia Pacific,2025-04-27
CUST_014618,"Cobb, Jimenez and Berry",Logistics,Enterprise,United Kingdom,Europe,2021-09-26
CUST_022836,"Marshall, Mooney and Gonzales",Finance,Mid Market,Netherlands,Asia Pacific,2025-09-10
CUST_015981,"Kennedy, Hernandez and Richards",Automotive,Mid Market,Sweden,Asia Pacific,2021-04-14
CUST_037916,Harrison-Cole,Healthcare,Enterprise,United Kingdom,North America,2025-11-21
CUST_001571,Hester-Morgan,Energy,Mid Market,Japan,Europe,2024-04-08
CUST_035908,"Smith, Wong and Wagner",Automotive,Enterprise,Germany,Europe,2022-02-15
CUST_026090,Ray-Hamilton,Energy,Small Business,Netherlands,Asia Pacific,2025-08-01
CUST_020914,Shaw-Escobar,Retail,Small Business,France,Asia Pacific,2025-12-26
CUST_009958,"Thomas, Atkins and Pena",Finance,Enterprise,Japan,North America,2022-09-05
CUST_018276,Roy-Ryan,Technology,Enterprise,Sweden,Europe,2022-12-20
CUST_015432,Bradley-Atkinson,Technology,Mid Market,Japan,Europe,2022-06-15
CUST_023494,Fisher-Greer,Automotive,Consumer,Netherlands,North America,2021-07-05
CUST_015790,"Marks, Newman and Avery",Logistics,Consumer,Sweden,Europe,2022-10-02
CUST_035780,Smith-Brady,Finance,Enterprise,Sweden,North America,2026-04-29
CUST_011981,Davis PLC,Technology,Consumer,Australia,Asia Pacific,2023-07-19
CUST_044906,Nelson Group,Energy,Mid Market,Germany,Asia Pacific,2022-07-21
CUST_035763,"Nelson, Miller and Duncan",Healthcare,Mid Market,United Kingdom,Europe,2025-01-13
CUST_027093,Tucker Group,Healthcare,Consumer,UNKNOWN,Asia Pacific,2022-02-27
CUST_046835,"Sellers, Martinez and Taylor",Logistics,Small Business,UNKNOWN,Europe,2026-06-03
CUST_033438,Perez-Kennedy,Finance,Enterprise,Netherlands,Asia Pacific,2022-06-28
CUST_047381,Coleman and Sons,Healthcare,Mid Market,Germany,Asia Pacific,2023-02-16
CUST_001591,Brown-Garza,Manufacturing,Enterprise,Germany,Europe,2021-09-15
CUST_026756,Landry-Meyers,Healthcare,Consumer,United States,Europe,2026-05-21
CUST_021759,"Miller, Johnson and Adams",Logistics,Enterprise,Japan,Asia Pacific,2022-01-14
CUST_003002,Smith Group,Manufacturing,Small Business,UNKNOWN,Asia Pacific,2023-03-15
CUST_044112,"Martin, Wang and Williams",Energy,Mid Market,United States,North America,2025-07-23
CUST_043520,Kennedy-Nicholson,Logistics,Small Business,Germany,North America,2024-12-29
CUST_000629,Atkins-Miller,Healthcare,UNKNOWN,India,Europe,2025-10-02
CUST_020737,"Banks, Chapman and Wagner",Retail,Consumer,India,North America,2024-10-11
CUST_011903,"Garcia, Gilmore and Willis",Technology,Enterprise,Sweden,Europe,2023-08-13
CUST_006367,"Brown, Lee and Williams",Healthcare,Small Business,Japan,Europe,2022-09-16
CUST_017133,Bass-Roberts,UNKNOWN,Small Business,Sweden,Asia Pacific,2021-01-14
CUST_009479,Ramirez-Gonzales,Healthcare,Small Business,Sweden,Asia Pacific,2021-11-13
CUST_041871,"Schmidt, Schultz and Lin",UNKNOWN,Mid Market,Australia,North America,2023-05-23
CUST_012933,Ellis PLC,Manufacturing,Enterprise,Sweden,North America,2022-05-08
CUST_013642,"Williamson, Martin and Shields",Energy,Small Business,Sweden,Europe,2025-11-18
CUST_019627,May-Hobbs,Finance,Consumer,United Kingdom,Europe,2022-09-14
CUST_009952,Wells Group,Technology,Consumer,India,North America,2022-04-30
CUST_028963,"Vazquez, Prince and Perkins",Automotive,Small Business,UNKNOWN,Asia Pacific,2022-03-21
CUST_028446,Oconnell-Garcia,Automotive,Enterprise,Japan,Europe,2021-04-08
CUST_019699,"Martin, Garrison and Krueger",Logistics,Mid Market,India,Europe,2026-06-13
CUST_044224,Lawson Inc,Healthcare,Mid Market,Japan,Europe,2025-04-25
CUST_002997,Davis and Sons,Healthcare,Mid Market,United States,North America,2023-10-14
CUST_013638,"Baker, Brooks and Powell",Finance,Consumer,UNKNOWN,Europe,2022-08-05
CUST_022471,"Rhodes, Rivas and Perez",Logistics,Enterprise,UNKNOWN,Europe,2022-09-02
CUST_036087,Barnes-Sullivan,Healthcare,UNKNOWN,Canada,Asia Pacific,2023-02-24
CUST_028918,"West, Moreno and Bowers",Healthcare,Consumer,Germany,Asia Pacific,2022-07-30
CUST_017650,"Perez, Martinez and Anderson",Healthcare,Enterprise,India,Asia Pacific,2022-09-25
CUST_027956,White-Baldwin,Automotive,Small Business,Australia,North America,2022-07-03
CUST_002855,Smith-Clark,Technology,Consumer,Australia,Europe,2025-04-18
CUST_013390,"Miller, Hopkins and Davidson",Logistics,Mid Market,India,Europe,2026-03-25
CUST_013049,"Macdonald, Berry and Hernandez",Energy,Small Business,Canada,Europe,2025-04-02
CUST_022333,"Crane, Newton and Woods",Healthcare,Consumer,India,Europe,2025-10-29
CUST_030578,Black-Chang,Energy,UNKNOWN,Japan,Asia Pacific,2023-02-19
CUST_034735,Greer Group,Manufacturing,Small Business,France,Asia Pacific,2025-03-29
CUST_019539,Vasquez-Anderson,Retail,Consumer,France,Europe,2023-04-01
CUST_039587,Bryan and Sons,Manufacturing,Enterprise,Germany,North America,2023-03-14
CUST_005573,"Camacho, Garcia and Gilbert",Energy,Mid Market,Australia,North America,2024-02-03
CUST_047751,Brock LLC,Healthcare,Enterprise,Germany,North America,2025-05-05
CUST_030964,House Group,Retail,Enterprise,France,North America,2024-03-22
CUST_035496,"Mills, David and Nelson",Healthcare,Enterprise,Germany,Europe,2025-03-15
CUST_020263,"Riley, Williamson and Griffin",Retail,Enterprise,France,North America,2024-02-21
CUST_044660,Jacobson-Price,Logistics,Enterprise,France,Asia Pacific,2022-07-27
CUST_021746,"Wilkins, Reese and Murphy",Energy,Mid Market,Germany,Asia Pacific,2024-01-24
CUST_047249,"Thomas, Spencer and Hanson",Technology,Mid Market,Netherlands,Asia Pacific,2026-06-17
CUST_036228,"Rodriguez, Jimenez and Chan",Technology,Consumer,Australia,Europe,2021-10-15
CUST_028787,"Le, Hamilton and Burch",Manufacturing,Small Business,United States,North America,2023-06-24
CUST_035620,Smith Group,Energy,Mid Market,Germany,Europe,2022-04-30
CUST_046000,Powell-Martinez,Finance,UNKNOWN,Japan,North America,2024-05-23
CUST_049513,Vang-Foley,Retail,Enterprise,United Kingdom,North America,2024-05-24
CUST_044515,"Johnson, Walsh and Olson",Healthcare,Small Business,India,Asia Pacific,2022-03-07
CUST_028684,Wright LLC,Automotive,Consumer,France,Asia Pacific,2024-09-17
CUST_031549,"Evans, Mckay and Ramsey",Automotive,UNKNOWN,Netherlands,Europe,2022-09-17
CUST_031965,Cordova-Wolf,Retail,Small Business,UNKNOWN,North America,2024-04-10
CUST_009434,"Brooks, Bowen and Gomez",Automotive,Mid Market,Sweden,Asia Pacific,2023-04-10
CUST_022374,"Peterson, Jones and Vaughn",Technology,Enterprise,United States,Europe,2024-11-23
CUST_021623,Flores Group,Logistics,Mid Market,Germany,Europe,2025-11-26
CUST_012452,"Dennis, Huynh and Morton",UNKNOWN,Consumer,Australia,Europe,2021-02-06
CUST_011800,"Middleton, Frazier and Gregory",Retail,Mid Market,United States,Europe,2022-08-31
CUST_031389,Schneider LLC,Retail,Enterprise,France,North America,2024-02-22
CUST_020769,Moore-Smith,Retail,Enterprise,Sweden,Asia Pacific,2025-07-26
CUST_004829,Simmons Inc,Retail,Small Business,United Kingdom,Asia Pacific,2023-10-27
CUST_014590,"Mcfarland, Burnett and Wells",Retail,Enterprise,United Kingdom,Europe,2025-05-18
CUST_001508,"Powers, Miller and Hunt",Technology,Small Business,Japan,North America,2022-01-26
CUST_018613,Ramirez Ltd,Healthcare,Small Business,United States,Europe,2026-06-13
CUST_019303,Williams Inc,Manufacturing,Small Business,Canada,Europe,2022-03-19
CUST_038310,Potts Group,Finance,Mid Market,Australia,Europe,2024-10-07
CUST_001739,"Stewart, Brown and Orozco",Energy,Enterprise,Australia,Europe,2023-04-17
CUST_035876,"Stevenson, Steele and Johnston",Energy,Mid Market,Sweden,Asia Pacific,2023-03-18
CUST_047068,Day-Kennedy,Logistics,Consumer,Netherlands,Asia Pacific,2024-06-30
CUST_005115,Smith-Wilson,Energy,Consumer,UNKNOWN,Europe,2025-03-07
CUST_024907,"Garner, Smith and Everett",Technology,Small Business,Germany,North America,2021-05-17
CUST_007636,Cherry Ltd,Healthcare,Small Business,Netherlands,Asia Pacific,2021-11-06
CUST_014399,Carroll-Davidson,Healthcare,Mid Market,Netherlands,Asia Pacific,2022-02-28
CUST_036171,Lopez and Sons,Technology,Mid Market,Germany,Asia Pacific,2022-03-30
CUST_009184,"King, Cooper and Harris",Finance,Small Business,Canada,Asia Pacific,2025-12-05
CUST_036797,"Hall, Chapman and Bartlett",Manufacturing,Enterprise,Netherlands,North America,2021-03-16
CUST_037623,"Williams, Kelly and Jones",Logistics,UNKNOWN,Germany,Asia Pacific,2025-09-04
CUST_001656,Meadows Group,UNKNOWN,Mid Market,United Kingdom,Europe,2022-02-02
CUST_004327,Hartman PLC,Finance,Small Business,Japan,Europe,2024-07-10
CUST_027378,Thomas-Caldwell,Technology,Consumer,Japan,North America,2025-10-05
CUST_019045,Brown-Blanchard,Finance,Mid Market,United Kingdom,Europe,2022-04-11
CUST_044329,"Smith, Gibbs and Clark",Technology,Consumer,Australia,Asia Pacific,2021-05-22
CUST_009662,"Wright, Sutton and Singleton",Technology,Mid Market,Canada,Asia Pacific,2022-08-17
CUST_015915,"Powers, Gross and Miller",Technology,Consumer,France,Asia Pacific,2024-01-15
CUST_025467,Harris Ltd,Retail,Consumer,Sweden,Asia Pacific,2023-12-28
CUST_013611,"Reese, Martinez and Smith",Healthcare,Enterprise,Canada,Europe,2025-03-29
CUST_011671,"Skinner, Lee and Palmer",Technology,Consumer,Germany,Asia Pacific,2024-09-02
CUST_001220,Meyer-Gregory,Manufacturing,Consumer,United Kingdom,Asia Pacific,2025-10-17
CUST_038864,Allen-Bennett,Technology,Small Business,Australia,Asia Pacific,2024-02-15
CUST_012558,Thompson-Nelson,Finance,Small Business,Australia,North America,2023-06-13
CUST_039144,"Williams, Carroll and Chavez",Healthcare,Enterprise,Australia,North America,2026-02-01
CUST_035509,Warren Ltd,Logistics,Enterprise,India,North America,2025-08-18
CUST_011853,"Holland, Joseph and Thomas",Retail,Consumer,Sweden,Europe,2024-01-09
CUST_013239,Smith-Morgan,Finance,Enterprise,United Kingdom,Asia Pacific,2024-06-20
CUST_029951,Douglas-Gutierrez,Logistics,Consumer,United States,Europe,2023-10-29
CUST_027985,Vega Group,Retail,Enterprise,India,Asia Pacific,2022-11-18
CUST_022091,Martin-Schultz,Retail,Consumer,India,Europe,2024-04-14
CUST_048990,Dougherty-Gonzalez,Energy,Consumer,Sweden,Europe,2021-04-24
CUST_040640,"Bradley, Palmer and Taylor",Logistics,Enterprise,Japan,Europe,2022-01-27
CUST_028912,Smith-Long,Retail,Enterprise,Sweden,North America,2021-04-16
CUST_008571,Williams-Ramirez,Automotive,Enterprise,France,North America,2021-01-30
CUST_038432,Riley Ltd,Retail,Enterprise,Australia,North America,2025-08-05
CUST_040526,"Russell, Hall and Parks",Automotive,Consumer,United States,Asia Pacific,2024-03-27
CUST_035550,Alvarez PLC,Healthcare,Enterprise,Sweden,Europe,2025-12-31
CUST_029488,Hoffman Group,Finance,Small Business,UNKNOWN,Asia Pacific,2023-07-06
CUST_026038,Castro Group,Logistics,Mid Market,United Kingdom,Europe,2021-08-26
CUST_019371,"Mathis, Mcpherson and Coleman",Automotive,Small Business,France,Asia Pacific,2026-06-09
CUST_044735,Clark Group,Retail,Consumer,Germany,North America,2022-10-20
CUST_006916,"Herrera, Martin and Mendoza",Manufacturing,Enterprise,France,Europe,2023-11-18
CUST_014999,Ruiz and Sons,Energy,Mid Market,Canada,Asia Pacific,2022-12-09
CUST_016751,Hayes-Bailey,Finance,Enterprise,India,North America,2022-03-19
CUST_029960,Neal-Alvarado,Automotive,Small Business,United Kingdom,Europe,2023-12-06
CUST_028857,"Monroe, Duran and Grant",Healthcare,Enterprise,Australia,North America,2023-10-18
CUST_038912,"Taylor, Sanchez and Marsh",Finance,Mid Market,Sweden,Asia Pacific,2024-09-07
CUST_005844,Aguilar LLC,Retail,Small Business,Sweden,North America,2026-02-02
CUST_015770,"Jefferson, English and Pierce",Automotive,Mid Market,United States,North America,2022-12-16
CUST_027099,Smith and Sons,Automotive,Enterprise,Canada,North America,2022-02-13
CUST_034727,Stewart-Wolf,Manufacturing,Consumer,Japan,Asia Pacific,2023-02-12
CUST_020931,Finley and Sons,Technology,Enterprise,Canada,Asia Pacific,2021-09-08
CUST_012314,"Lynch, Garcia and Ochoa",Healthcare,Mid Market,Canada,North America,2023-09-20
CUST_008294,Martinez LLC,Logistics,Enterprise,Netherlands,North America,2023-01-05
CUST_049409,"Green, Ellis and Morris",Finance,Enterprise,Netherlands,Europe,2024-06-26
CUST_022320,Butler-Anderson,Manufacturing,Mid Market,Canada,Asia Pacific,2023-04-09
CUST_020487,Franklin-Cummings,Healthcare,Mid Market,Netherlands,Asia Pacific,2024-01-11
CUST_022611,Baldwin Ltd,Manufacturing,Enterprise,UNKNOWN,Europe,2024-02-08
CUST_012466,"Johnson, Barrett and Cook",Retail,UNKNOWN,Germany,North America,2024-01-16
CUST_041513,Johnson Inc,Logistics,Small Business,Netherlands,Europe,2026-04-23
CUST_048610,Lucas-Avila,Finance,Mid Market,Germany,North America,2026-01-05
CUST_017673,Rivera LLC,Logistics,Mid Market,Sweden,Asia Pacific,2021-06-14
CUST_008566,Nunez Inc,Manufacturing,UNKNOWN,Germany,North America,2026-03-30
CUST_042906,"Thompson, Johnson and Garza",Retail,Mid Market,Sweden,Europe,2021-10-04
CUST_033295,"Lee, Carroll and Rodriguez",Technology,UNKNOWN,Netherlands,Asia Pacific,2021-04-22
CUST_012929,"Weeks, Garza and Porter",Technology,Consumer,United States,North America,2026-06-01
CUST_008384,"Powers, Diaz and Diaz",Logistics,Small Business,United Kingdom,Asia Pacific,2022-02-22
CUST_026547,Figueroa-Gibbs,Technology,Mid Market,France,Europe,2025-03-06
CUST_021161,Cook LLC,Automotive,Consumer,United States,Asia Pacific,2023-10-09
CUST_025332,"Davenport, Rosales and Taylor",Energy,Small Business,Canada,North America,2022-06-16
CUST_000417,Hensley-Flores,Logistics,Enterprise,India,North America,2026-06-05
CUST_038314,"Leach, Schwartz and Johnson",Manufacturing,Small Business,Japan,Europe,2023-09-30
CUST_040759,"Bernard, Daniels and Lee",Manufacturing,Enterprise,Netherlands,Asia Pacific,2026-01-28
CUST_001407,Hodges-Roberts,Healthcare,Small Business,Japan,Asia Pacific,2022-02-12
CUST_027989,"Hernandez, Alexander and Graham",Energy,Small Business,Germany,Asia Pacific,2023-11-24
CUST_020658,Mcdonald-Gray,UNKNOWN,Consumer,India,Asia Pacific,2021-10-04
CUST_046982,Zavala Group,Technology,Consumer,France,North America,2021-02-10
CUST_029902,"Richardson, Curry and Davis",Retail,Consumer,France,Europe,2025-08-06
CUST_032870,Ortiz and Sons,Technology,Enterprise,Germany,North America,2024-12-01
CUST_021614,Perez-Walton,Healthcare,Consumer,France,North America,2025-02-22
CUST_018693,Williams Ltd,Retail,Enterprise,United Kingdom,Europe,2025-02-15
CUST_014463,Freeman Inc,Healthcare,Small Business,Germany,North America,2022-12-06
CUST_013530,Holland-Warren,Finance,Consumer,France,Asia Pacific,2025-04-21
CUST_029805,Ross-Garcia,Energy,Consumer,Canada,North America,2025-04-08
CUST_001445,Rojas and Sons,Retail,Small Business,Australia,Europe,2023-01-24
CUST_018219,"Lane, Pineda and Haney",Retail,Consumer,UNKNOWN,Europe,2026-02-11
CUST_045064,Ho-Craig,Energy,UNKNOWN,Japan,Asia Pacific,2023-07-16
CUST_030647,"Perez, Patton and Wolf",Healthcare,Enterprise,France,North America,2026-01-11
CUST_049168,"Reyes, Collier and Rios",Automotive,Enterprise,Japan,Europe,2025-02-08
CUST_039990,Strickland PLC,Finance,Consumer,Australia,North America,2025-08-06
CUST_044756,Fuentes-English,Finance,Consumer,France,Asia Pacific,2023-10-01
CUST_048346,"Cox, Dominguez and Cain",Retail,Mid Market,United Kingdom,Europe,2023-07-23
CUST_042970,"Mejia, Mckay and Williams",Technology,Mid Market,Netherlands,Europe,2025-03-18
CUST_020420,Bell Ltd,Automotive,Consumer,Japan,Asia Pacific,2025-12-04
CUST_010897,Watson Ltd,Manufacturing,Enterprise,Australia,Europe,2021-10-16
CUST_045621,Shaw and Sons,Healthcare,Small Business,United Kingdom,Asia Pacific,2025-07-19
CUST_036350,Banks PLC,Retail,Small Business,United Kingdom,Europe,2025-03-07
CUST_019313,"Blair, Wagner and Velasquez",Automotive,Mid Market,Netherlands,Asia Pacific,2022-06-27
CUST_005583,Archer and Sons,Logistics,Mid Market,United States,Asia Pacific,2024-11-01
CUST_006683,Soto-Nelson,Technology,Consumer,India,Asia Pacific,2026-01-09
CUST_030680,Atkinson-Hall,Logistics,Consumer,India,North America,2022-09-24
CUST_028389,Orr-Mckenzie,Automotive,Small Business,Sweden,North America,2023-02-21
CUST_006848,"Whitaker, Martinez and Green",Logistics,Consumer,United States,Asia Pacific,2021-11-05
CUST_015982,Smith Group,Manufacturing,Enterprise,France,North America,2021-01-07
CUST_033676,"Garza, Silva and Chavez",Automotive,Enterprise,Japan,Europe,2023-06-25
CUST_047504,"Serrano, Henson and Walls",Automotive,Consumer,France,Asia Pacific,2024-12-13
CUST_007566,"Ortiz, Brown and Wells",Energy,UNKNOWN,Netherlands,Asia Pacific,2022-07-29
CUST_020729,King-Crane,Finance,Small Business,Sweden,Asia Pacific,2022-06-14
CUST_007412,Collier-Brooks,Manufacturing,Consumer,Australia,Asia Pacific,2022-08-16
CUST_025355,Rose-Dunn,Logistics,Mid Market,Australia,Asia Pacific,2021-07-05
CUST_047739,"Taylor, Jackson and Ferguson",Finance,Small Business,Germany,North America,2022-11-23
CUST_009759,"Hernandez, Sanders and Williams",Manufacturing,Mid Market,UNKNOWN,Europe,2026-03-14
CUST_009768,"Hernandez, Mckenzie and Martin",Technology,Consumer,United Kingdom,Asia Pacific,2022-04-30
CUST_007134,Wong-Fields,Healthcare,Mid Market,Canada,North America,2022-04-17
CUST_028594,Drake LLC,Technology,Consumer,Germany,Europe,2024-08-27
CUST_041210,Mann Inc,Retail,Enterprise,Germany,North America,2024-02-01
CUST_023112,Weiss Ltd,Automotive,Small Business,United States,Europe,2021-12-12
CUST_044347,"Yang, Smith and Roberson",Retail,Consumer,France,North America,2023-07-16
CUST_022810,Long LLC,Manufacturing,Enterprise,France,Asia Pacific,2024-04-07
CUST_020508,"Woods, Miller and Yang",Energy,Mid Market,Japan,Asia Pacific,2025-11-26
CUST_045706,"Cardenas, Hayes and Perez",Manufacturing,Consumer,Canada,Asia Pacific,2021-06-21
CUST_021762,Smith-Brown,Logistics,UNKNOWN,Canada,Europe,2021-10-09
CUST_021496,Petty Group,Logistics,Mid Market,Germany,North America,2026-06-26
CUST_011505,Montgomery-James,Finance,Enterprise,United Kingdom,Asia Pacific,2021-12-03
CUST_032457,Rodgers and Sons,Manufacturing,Mid Market,Australia,Europe,2025-04-10
CUST_044210,Irwin and Sons,Automotive,Enterprise,Australia,Asia Pacific,2025-04-14
CUST_043813,Rocha Ltd,Technology,Consumer,Germany,Asia Pacific,2023-09-24
CUST_018265,"Wright, Murphy and Dixon",Healthcare,Consumer,France,North America,2026-02-02
CUST_041115,"Martinez, Thomas and Hicks",Technology,Consumer,Netherlands,North America,2026-05-11
CUST_020035,Moore-Williams,Retail,Small Business,Germany,Europe,2023-05-05
CUST_010076,Jacobson PLC,Automotive,Consumer,Netherlands,North America,2026-02-04
CUST_037297,Santiago and Sons,Healthcare,Small Business,India,Asia Pacific,2022-10-13
CUST_014277,Porter-Le,Finance,Mid Market,Japan,North America,2021-08-28
CUST_035781,Moore-Lewis,Logistics,Mid Market,France,Asia Pacific,2024-12-15
CUST_016871,Wright-Lane,Retail,Consumer,United Kingdom,Europe,2022-06-14
CUST_004230,"Jackson, Lucero and Gould",Manufacturing,Consumer,Australia,Asia Pacific,2021-12-17
CUST_049030,Williams-Mitchell,Energy,Mid Market,Australia,Europe,2024-07-01
CUST_000168,Everett-Woods,Finance,Consumer,United Kingdom,Asia Pacific,2025-07-08
CUST_014447,Wilson-Lara,Logistics,Enterprise,Sweden,North America,2022-09-27
CUST_036717,"Bailey, Miller and Simmons",Automotive,Consumer,France,Asia Pacific,2025-08-28
CUST_036165,Kelly Ltd,Energy,Small Business,France,Europe,2025-12-04
CUST_014474,"Conrad, Mcdonald and Nielsen",Logistics,Enterprise,United Kingdom,Europe,2021-05-16
CUST_044427,Schmidt-Conley,UNKNOWN,Enterprise,Germany,Europe,2026-05-07
CUST_046117,Perry LLC,Finance,UNKNOWN,Sweden,Asia Pacific,2021-08-13
CUST_030626,Hall-Barnes,Technology,Small Business,United Kingdom,Europe,2022-09-14
CUST_009961,"Hobbs, Fox and Collier",Manufacturing,Mid Market,Sweden,Asia Pacific,2025-09-23
CUST_038723,Drake PLC,Finance,Enterprise,Japan,Asia Pacific,2025-03-16
CUST_028345,"Garrett, Sampson and Rich",Finance,Small Business,United States,North America,2021-05-24
CUST_016438,"Holmes, Martin and Summers",Finance,Mid Market,United States,Europe,2024-12-07
CUST_008854,Brock Group,Energy,Enterprise,India,Europe,2021-04-07
CUST_017364,"Mahoney, Reed and Brown",Retail,Small Business,Japan,Asia Pacific,2026-01-31
CUST_004581,Nelson-Campbell,Finance,Consumer,Japan,Europe,2024-07-08
CUST_047304,"Davis, Dennis and Robinson",Retail,Mid Market,Japan,Asia Pacific,2023-03-23
CUST_044680,Gross Group,Logistics,Consumer,United States,Asia Pacific,2022-12-27
CUST_015193,Williams Group,Energy,Consumer,India,North America,2021-03-20
CUST_031448,Graves Inc,Technology,Small Business,India,Europe,2021-08-22
CUST_005526,Foley Ltd,Energy,Mid Market,Germany,North America,2021-07-21
CUST_039228,"Gutierrez, Price and Green",Logistics,Mid Market,United States,Asia Pacific,2025-10-10
CUST_003468,Levy PLC,Healthcare,Small Business,Sweden,Asia Pacific,2026-05-28
CUST_015074,"Colon, Garcia and Perry",Technology,Enterprise,Netherlands,North America,2024-01-07
CUST_048706,Cannon and Sons,Finance,Mid Market,Japan,North America,2022-11-18
CUST_013610,Schaefer-Grant,UNKNOWN,Mid Market,United Kingdom,North America,2023-06-21
CUST_018786,Bennett-Cortez,Automotive,Small Business,Netherlands,Europe,2023-02-20
CUST_039758,Anderson LLC,Automotive,Consumer,Sweden,Europe,2025-06-13
CUST_024217,"Johnson, Day and Petersen",Manufacturing,Enterprise,Sweden,Europe,2022-08-23
CUST_033986,"Escobar, Lopez and Williams",Manufacturing,Small Business,France,Europe,2021-07-09
CUST_011626,Chavez Inc,Logistics,Enterprise,Australia,North America,2022-06-16
CUST_012137,Perez-Brady,Logistics,Small Business,Australia,Asia Pacific,2024-09-20
CUST_012629,"Andrews, Melton and Daniel",Retail,Mid Market,Netherlands,Europe,2025-07-20
CUST_028348,"Parker, House and Jordan",Manufacturing,Small Business,India,Asia Pacific,2023-10-03
CUST_043512,"Austin, White and Mueller",Technology,Mid Market,France,Europe,2022-11-30
CUST_005873,Callahan-Green,Finance,Small Business,United Kingdom,Asia Pacific,2025-04-29
CUST_048244,Pacheco and Sons,Energy,Enterprise,United Kingdom,North America,2026-01-07
CUST_033982,"Wright, Raymond and Fleming",Energy,Mid Market,Japan,North America,2022-05-07
CUST_031261,"Erickson, Ortiz and Hill",Technology,Enterprise,United Kingdom,Asia Pacific,2025-08-12
CUST_012293,Kim-Wright,Automotive,Mid Market,Japan,North America,2026-06-08
CUST_042287,Mclean-Contreras,Energy,Enterprise,Canada,North America,2025-08-23
CUST_013665,Humphrey-Braun,Logistics,Mid Market,Sweden,Europe,2024-06-27
